Workbook

Sheet S3 Regular Season Stats
A1: 4 | B1: Kills | C1: Assists | D1: Deaths | E1: Total Damage | F1: ADR | G1: Kill Diff. | M1: Category | N1: Leader | O1: Value
A2: Adam | B2: =SUMIF('S3 Regular Season'!A:A, A2, 'S3 Regular Season'!B:B) + SUMIF('S3 Regular Season'!K:K, A2, 'S3 Regular Season'!L:L) -> 0 | C2: =SUMIF('S3 Regular Season'!A:A, A2, 'S3 Regular Season'!C:C) + SUMIF('S3 Regular Season'!K:K, A2, 'S3 Regular Season'!M:M) -> 0 | D2: =SUMIF('S3 Regular Season'!A:A, A2, 'S3 Regular Season'!D:D) + SUMIF('S3 Regular Season'!K:K, A2, 'S3 Regular Season'!N:N) -> 0 | E2: =SUMIF('S3 Regular Season'!A:A, A2, 'S3 Regular Season'!F:F) + SUMIF('S3 Regular Season'!K:K, A2, 'S3 Regular Season'!P:P) -> 0 | F2: =IFERROR(SUMIF(S3_Stats[4], A2, S3_Stats[Total Damage]) / SUMIF(S3_Game_Stats[Name], A2, S3_Game_Stats[Rounds Played]), 0) -> 0 | G2: =SUMIF(S3_Stats[4], A2, S3_Stats[Kills]) - SUMIF(S3_Stats[4], A2, S3_Stats[Deaths]) -> 0 | M2: Kills | N2: {=INDIRECT("A"&MATCH(MAX(S3_Stats[Kills]), S3_Stats[Kills], 0)+1)} -> Adam | O2: =MAX(S3_Stats[Kills]) -> 0
A3: Andrew | B3: =SUMIF('S3 Regular Season'!A:A, A3, 'S3 Regular Season'!B:B) + SUMIF('S3 Regular Season'!K:K, A3, 'S3 Regular Season'!L:L) -> 0 | C3: =SUMIF('S3 Regular Season'!A:A, A3, 'S3 Regular Season'!C:C) + SUMIF('S3 Regular Season'!K:K, A3, 'S3 Regular Season'!M:M) -> 0 | D3: =SUMIF('S3 Regular Season'!A:A, A3, 'S3 Regular Season'!D:D) + SUMIF('S3 Regular Season'!K:K, A3, 'S3 Regular Season'!N:N) -> 0 | E3: =SUMIF('S3 Regular Season'!A:A, A3, 'S3 Regular Season'!F:F) + SUMIF('S3 Regular Season'!K:K, A3, 'S3 Regular Season'!P:P) -> 0 | F3: =IFERROR(SUMIF(S3_Stats[4], A3, S3_Stats[Total Damage]) / SUMIF(S3_Game_Stats[Name], A3, S3_Game_Stats[Rounds Played]), 0) -> 0 | G3: =SUMIF(S3_Stats[4], A3, S3_Stats[Kills]) - SUMIF(S3_Stats[4], A3, S3_Stats[Deaths]) -> 0 | M3: Assists | N3: {=INDIRECT("A"&MATCH(MAX(S3_Stats[Assists]), S3_Stats[Assists], 0)+1)} -> Adam | O3: =MAX(S3_Stats[Assists]) -> 0
A4: Brian | B4: =SUMIF('S3 Regular Season'!A:A, A4, 'S3 Regular Season'!B:B) + SUMIF('S3 Regular Season'!K:K, A4, 'S3 Regular Season'!L:L) -> 0 | C4: =SUMIF('S3 Regular Season'!A:A, A4, 'S3 Regular Season'!C:C) + SUMIF('S3 Regular Season'!K:K, A4, 'S3 Regular Season'!M:M) -> 0 | D4: =SUMIF('S3 Regular Season'!A:A, A4, 'S3 Regular Season'!D:D) + SUMIF('S3 Regular Season'!K:K, A4, 'S3 Regular Season'!N:N) -> 0 | E4: =SUMIF('S3 Regular Season'!A:A, A4, 'S3 Regular Season'!F:F) + SUMIF('S3 Regular Season'!K:K, A4, 'S3 Regular Season'!P:P) -> 0 | F4: =IFERROR(SUMIF(S3_Stats[4], A4, S3_Stats[Total Damage]) / SUMIF(S3_Game_Stats[Name], A4, S3_Game_Stats[Rounds Played]), 0) -> 0 | G4: =SUMIF(S3_Stats[4], A4, S3_Stats[Kills]) - SUMIF(S3_Stats[4], A4, S3_Stats[Deaths]) -> 0 | M4: Least Deaths | N4: {=INDIRECT("A"&MATCH(MIN(S3_Stats[Deaths]), S3_Stats[Deaths], 0)+1)} -> Adam | O4: =MIN(S3_Stats[Deaths]) -> 0
A5: Dan | B5: =SUMIF('S3 Regular Season'!A:A, A5, 'S3 Regular Season'!B:B) + SUMIF('S3 Regular Season'!K:K, A5, 'S3 Regular Season'!L:L) -> 0 | C5: =SUMIF('S3 Regular Season'!A:A, A5, 'S3 Regular Season'!C:C) + SUMIF('S3 Regular Season'!K:K, A5, 'S3 Regular Season'!M:M) -> 0 | D5: =SUMIF('S3 Regular Season'!A:A, A5, 'S3 Regular Season'!D:D) + SUMIF('S3 Regular Season'!K:K, A5, 'S3 Regular Season'!N:N) -> 0 | E5: =SUMIF('S3 Regular Season'!A:A, A5, 'S3 Regular Season'!F:F) + SUMIF('S3 Regular Season'!K:K, A5, 'S3 Regular Season'!P:P) -> 0 | F5: =IFERROR(SUMIF(S3_Stats[4], A5, S3_Stats[Total Damage]) / SUMIF(S3_Game_Stats[Name], A5, S3_Game_Stats[Rounds Played]), 0) -> 0 | G5: =SUMIF(S3_Stats[4], A5, S3_Stats[Kills]) - SUMIF(S3_Stats[4], A5, S3_Stats[Deaths]) -> 0 | M5: K/D | N5: {=INDIRECT("A"&MATCH(MAX(S3_Kill_Stats[K/D]), S3_Kill_Stats[K/D], 0)+13)} -> #N/A | O5: =MAX(S3_Kill_Stats[K/D]) -> 0
A6: Emanuel | B6: =SUMIF('S3 Regular Season'!A:A, A6, 'S3 Regular Season'!B:B) + SUMIF('S3 Regular Season'!K:K, A6, 'S3 Regular Season'!L:L) -> 0 | C6: =SUMIF('S3 Regular Season'!A:A, A6, 'S3 Regular Season'!C:C) + SUMIF('S3 Regular Season'!K:K, A6, 'S3 Regular Season'!M:M) -> 0 | D6: =SUMIF('S3 Regular Season'!A:A, A6, 'S3 Regular Season'!D:D) + SUMIF('S3 Regular Season'!K:K, A6, 'S3 Regular Season'!N:N) -> 0 | E6: =SUMIF('S3 Regular Season'!A:A, A6, 'S3 Regular Season'!F:F) + SUMIF('S3 Regular Season'!K:K, A6, 'S3 Regular Season'!P:P) -> 0 | F6: =IFERROR(SUMIF(S3_Stats[4], A6, S3_Stats[Total Damage]) / SUMIF(S3_Game_Stats[Name], A6, S3_Game_Stats[Rounds Played]), 0) -> 0 | G6: =SUMIF(S3_Stats[4], A6, S3_Stats[Kills]) - SUMIF(S3_Stats[4], A6, S3_Stats[Deaths]) -> 0 | M6: Most Rounds Played | N6: {=INDIRECT("A"&MATCH(MAX(S3_Game_Stats[Rounds Played]), S3_Game_Stats[Rounds Played], 0)+25)} -> Michael | O6: =MAX(S3_Game_Stats[Rounds Played]) -> 0
A7: Eric | B7: =SUMIF('S3 Regular Season'!A:A, A7, 'S3 Regular Season'!B:B) + SUMIF('S3 Regular Season'!K:K, A7, 'S3 Regular Season'!L:L) -> 0 | C7: =SUMIF('S3 Regular Season'!A:A, A7, 'S3 Regular Season'!C:C) + SUMIF('S3 Regular Season'!K:K, A7, 'S3 Regular Season'!M:M) -> 0 | D7: =SUMIF('S3 Regular Season'!A:A, A7, 'S3 Regular Season'!D:D) + SUMIF('S3 Regular Season'!K:K, A7, 'S3 Regular Season'!N:N) -> 0 | E7: =SUMIF('S3 Regular Season'!A:A, A7, 'S3 Regular Season'!F:F) + SUMIF('S3 Regular Season'!K:K, A7, 'S3 Regular Season'!P:P) -> 0 | F7: =IFERROR(SUMIF(S3_Stats[4], A7, S3_Stats[Total Damage]) / SUMIF(S3_Game_Stats[Name], A7, S3_Game_Stats[Rounds Played]), 0) -> 0 | G7: =SUMIF(S3_Stats[4], A7, S3_Stats[Kills]) - SUMIF(S3_Stats[4], A7, S3_Stats[Deaths]) -> 0 | M7: Least Rounds Played | N7: {=INDIRECT("A"&MATCH(MIN(S3_Game_Stats[Rounds Played]), S3_Game_Stats[Rounds Played], 0)+25)} -> Michael | O7: =MIN(S3_Game_Stats[Rounds Played]) -> 0
A8: Fred | B8: =SUMIF('S3 Regular Season'!A:A, A8, 'S3 Regular Season'!B:B) + SUMIF('S3 Regular Season'!K:K, A8, 'S3 Regular Season'!L:L) -> 0 | C8: =SUMIF('S3 Regular Season'!A:A, A8, 'S3 Regular Season'!C:C) + SUMIF('S3 Regular Season'!K:K, A8, 'S3 Regular Season'!M:M) -> 0 | D8: =SUMIF('S3 Regular Season'!A:A, A8, 'S3 Regular Season'!D:D) + SUMIF('S3 Regular Season'!K:K, A8, 'S3 Regular Season'!N:N) -> 0 | E8: =SUMIF('S3 Regular Season'!A:A, A8, 'S3 Regular Season'!F:F) + SUMIF('S3 Regular Season'!K:K, A8, 'S3 Regular Season'!P:P) -> 0 | F8: =IFERROR(SUMIF(S3_Stats[4], A8, S3_Stats[Total Damage]) / SUMIF(S3_Game_Stats[Name], A8, S3_Game_Stats[Rounds Played]), 0) -> 0 | G8: =SUMIF(S3_Stats[4], A8, S3_Stats[Kills]) - SUMIF(S3_Stats[4], A8, S3_Stats[Deaths]) -> 0 | M8: Best Round WR% | N8: {=INDIRECT("A"&MATCH(MAX(S3_Game_Stats[Round WR %]), S3_Game_Stats[Round WR %], 0)+25)} -> #N/A | O8: =MAX(S3_Game_Stats[Round WR %]) -> 0
A9: Kevin | B9: =SUMIF('S3 Regular Season'!A:A, A9, 'S3 Regular Season'!B:B) + SUMIF('S3 Regular Season'!K:K, A9, 'S3 Regular Season'!L:L) -> 0 | C9: =SUMIF('S3 Regular Season'!A:A, A9, 'S3 Regular Season'!C:C) + SUMIF('S3 Regular Season'!K:K, A9, 'S3 Regular Season'!M:M) -> 0 | D9: =SUMIF('S3 Regular Season'!A:A, A9, 'S3 Regular Season'!D:D) + SUMIF('S3 Regular Season'!K:K, A9, 'S3 Regular Season'!N:N) -> 0 | E9: =SUMIF('S3 Regular Season'!A:A, A9, 'S3 Regular Season'!F:F) + SUMIF('S3 Regular Season'!K:K, A9, 'S3 Regular Season'!P:P) -> 0 | F9: =IFERROR(SUMIF(S3_Stats[4], A9, S3_Stats[Total Damage]) / SUMIF(S3_Game_Stats[Name], A9, S3_Game_Stats[Rounds Played]), 0) -> 0 | G9: =SUMIF(S3_Stats[4], A9, S3_Stats[Kills]) - SUMIF(S3_Stats[4], A9, S3_Stats[Deaths]) -> 0 | M9: Most Damage | N9: {=INDIRECT("A"&MATCH(MAX(S3_Stats[Total Damage]), S3_Stats[Total Damage], 0)+1)} -> Adam | O9: =MAX(S3_Stats[Total Damage]) -> 0
A10: Michael | B10: =SUMIF('S3 Regular Season'!A:A, A10, 'S3 Regular Season'!B:B) + SUMIF('S3 Regular Season'!K:K, A10, 'S3 Regular Season'!L:L) -> 0 | C10: =SUMIF('S3 Regular Season'!A:A, A10, 'S3 Regular Season'!C:C) + SUMIF('S3 Regular Season'!K:K, A10, 'S3 Regular Season'!M:M) -> 0 | D10: =SUMIF('S3 Regular Season'!A:A, A10, 'S3 Regular Season'!D:D) + SUMIF('S3 Regular Season'!K:K, A10, 'S3 Regular Season'!N:N) -> 0 | E10: =SUMIF('S3 Regular Season'!A:A, A10, 'S3 Regular Season'!F:F) + SUMIF('S3 Regular Season'!K:K, A10, 'S3 Regular Season'!P:P) -> 0 | F10: =IFERROR(SUMIF(S3_Stats[4], A10, S3_Stats[Total Damage]) / SUMIF(S3_Game_Stats[Name], A10, S3_Game_Stats[Rounds Played]), 0) -> 0 | G10: =SUMIF(S3_Stats[4], A10, S3_Stats[Kills]) - SUMIF(S3_Stats[4], A10, S3_Stats[Deaths]) -> 0 | M10: Most Dmg/Game | N10: {=INDIRECT("A"&MATCH(MAX(S3_Avg_Game_Stats[Dmg/Game]), S3_Avg_Game_Stats[Dmg/Game], 0)+38)} -> #N/A | O10: =MAX(S3_Avg_Game_Stats[Dmg/Game]) -> 0
A11: Sean | B11: =SUMIF('S3 Regular Season'!A:A, A11, 'S3 Regular Season'!B:B) + SUMIF('S3 Regular Season'!K:K, A11, 'S3 Regular Season'!L:L) -> 0 | C11: =SUMIF('S3 Regular Season'!A:A, A11, 'S3 Regular Season'!C:C) + SUMIF('S3 Regular Season'!K:K, A11, 'S3 Regular Season'!M:M) -> 0 | D11: =SUMIF('S3 Regular Season'!A:A, A11, 'S3 Regular Season'!D:D) + SUMIF('S3 Regular Season'!K:K, A11, 'S3 Regular Season'!N:N) -> 0 | E11: =SUMIF('S3 Regular Season'!A:A, A11, 'S3 Regular Season'!F:F) + SUMIF('S3 Regular Season'!K:K, A11, 'S3 Regular Season'!P:P) -> 0 | F11: =IFERROR(SUMIF(S3_Stats[4], A11, S3_Stats[Total Damage]) / SUMIF(S3_Game_Stats[Name], A11, S3_Game_Stats[Rounds Played]), 0) -> 0 | G11: =SUMIF(S3_Stats[4], A11, S3_Stats[Kills]) - SUMIF(S3_Stats[4], A11, S3_Stats[Deaths]) -> 0 | M11: Best ADR | N11: {=INDIRECT("A"&MATCH(MAX(S3_Stats[ADR]), S3_Stats[ADR], 0)+1)} -> Adam | O11: =MAX(S3_Stats[ADR]) -> 0
A12: Steve | B12: =SUMIF('S3 Regular Season'!A:A, A12, 'S3 Regular Season'!B:B) + SUMIF('S3 Regular Season'!K:K, A12, 'S3 Regular Season'!L:L) -> 0 | C12: =SUMIF('S3 Regular Season'!A:A, A12, 'S3 Regular Season'!C:C) + SUMIF('S3 Regular Season'!K:K, A12, 'S3 Regular Season'!M:M) -> 0 | D12: =SUMIF('S3 Regular Season'!A:A, A12, 'S3 Regular Season'!D:D) + SUMIF('S3 Regular Season'!K:K, A12, 'S3 Regular Season'!N:N) -> 0 | E12: =SUMIF('S3 Regular Season'!A:A, A12, 'S3 Regular Season'!F:F) + SUMIF('S3 Regular Season'!K:K, A12, 'S3 Regular Season'!P:P) -> 0 | F12: =IFERROR(SUMIF(S3_Stats[4], A12, S3_Stats[Total Damage]) / SUMIF(S3_Game_Stats[Name], A12, S3_Game_Stats[Rounds Played]), 0) -> 0 | G12: =SUMIF(S3_Stats[4], A12, S3_Stats[Kills]) - SUMIF(S3_Stats[4], A12, S3_Stats[Deaths]) -> 0 | M12: Longest Avg Game | N12: {=INDIRECT("A"&MATCH(MAX(S3_Avg_Game_Stats[Rounds/Game]), S3_Avg_Game_Stats[Rounds/Game], 0)+38)} -> #N/A | O12: =MAX(S3_Avg_Game_Stats[Rounds/Game]) -> 0
A13: Tim | B13: =SUMIF('S3 Regular Season'!A:A, A13, 'S3 Regular Season'!B:B) + SUMIF('S3 Regular Season'!K:K, A13, 'S3 Regular Season'!L:L) -> 0 | C13: =SUMIF('S3 Regular Season'!A:A, A13, 'S3 Regular Season'!C:C) + SUMIF('S3 Regular Season'!K:K, A13, 'S3 Regular Season'!M:M) -> 0 | D13: =SUMIF('S3 Regular Season'!A:A, A13, 'S3 Regular Season'!D:D) + SUMIF('S3 Regular Season'!K:K, A13, 'S3 Regular Season'!N:N) -> 0 | E13: =SUMIF('S3 Regular Season'!A:A, A13, 'S3 Regular Season'!F:F) + SUMIF('S3 Regular Season'!K:K, A13, 'S3 Regular Season'!P:P) -> 0 | F13: =IFERROR(SUMIF(S3_Stats[4], A13, S3_Stats[Total Damage]) / SUMIF(S3_Game_Stats[Name], A13, S3_Game_Stats[Rounds Played]), 0) -> 0 | G13: =SUMIF(S3_Stats[4], A13, S3_Stats[Kills]) - SUMIF(S3_Stats[4], A13, S3_Stats[Deaths]) -> 0
A14: Zach | B14: =SUMIF('S3 Regular Season'!A:A, A14, 'S3 Regular Season'!B:B) + SUMIF('S3 Regular Season'!K:K, A14, 'S3 Regular Season'!L:L) -> 0 | C14: =SUMIF('S3 Regular Season'!A:A, A14, 'S3 Regular Season'!C:C) + SUMIF('S3 Regular Season'!K:K, A14, 'S3 Regular Season'!M:M) -> 0 | D14: =SUMIF('S3 Regular Season'!A:A, A14, 'S3 Regular Season'!D:D) + SUMIF('S3 Regular Season'!K:K, A14, 'S3 Regular Season'!N:N) -> 0 | E14: =SUMIF('S3 Regular Season'!A:A, A14, 'S3 Regular Season'!F:F) + SUMIF('S3 Regular Season'!K:K, A14, 'S3 Regular Season'!P:P) -> 0 | F14: =IFERROR(SUMIF(S3_Stats[4], A14, S3_Stats[Total Damage]) / SUMIF(S3_Game_Stats[Name], A14, S3_Game_Stats[Rounds Played]), 0) -> 0 | G14: =SUMIF(S3_Stats[4], A14, S3_Stats[Kills]) - SUMIF(S3_Stats[4], A14, S3_Stats[Deaths]) -> 0
A17: Name | B17: K/D | C17: Dmg/Kill | D17: Kills/Round | E17: Assists/Round | F17: Deaths/Round | G17: Kills/Win | H17: Deaths/Win | I17: Kills/Loss | J17: Deaths/Loss
A18: Adam | B18: =IFERROR(SUMIF(S3_Stats[4], A18, S3_Stats[Kills]) / SUMIF(S3_Stats[4], A18, S3_Stats[Deaths]),"") | C18: =IFERROR(SUMIF(S3_Stats[4], A18, S3_Stats[Total Damage]) / SUMIF(S3_Stats[4], A18, S3_Stats[Kills]),"") | D18: =IFERROR(SUMIF(S3_Stats[4], A18, S3_Stats[Kills]) / SUMIF(S3_Game_Stats[Name], A18, S3_Game_Stats[Rounds Played]),"") | E18: =IFERROR(SUMIF(S3_Stats[4], A18, S3_Stats[Assists]) / SUMIF(S3_Game_Stats[Name], A18, S3_Game_Stats[Rounds Played]),"") | F18: =IFERROR(SUMIF(S3_Stats[4], A18, S3_Stats[Deaths]) / SUMIF(S3_Game_Stats[Name], A18, S3_Game_Stats[Rounds Played]),"") | G18: =IFERROR((SUMIFS('S3 Regular Season'!B:B, 'S3 Regular Season'!A:A, A18, 'S3 Regular Season'!I:I, 1) + SUMIFS('S3 Regular Season'!L:L, 'S3 Regular Season'!K:K, A18, 'S3 Regular Season'!S:S, 1)) / SUMIF(S3_Game_Stats[Name], A18, S3_Game_Stats[Wins]),"") | H18: =IFERROR((SUMIFS('S3 Regular Season'!D:D, 'S3 Regular Season'!A:A, A18, 'S3 Regular Season'!I:I, 1) + SUMIFS('S3 Regular Season'!N:N, 'S3 Regular Season'!K:K, A18, 'S3 Regular Season'!S:S, 1)) / SUMIF(S3_Game_Stats[Name], A18, S3_Game_Stats[Wins]),"") | I18: =IFERROR((SUMIFS('S3 Regular Season'!B:B, 'S3 Regular Season'!A:A, A18, 'S3 Regular Season'!I:I, 0) + SUMIFS('S3 Regular Season'!L:L, 'S3 Regular Season'!K:K, A18, 'S3 Regular Season'!S:S, 0)) / SUMIF(S3_Game_Stats[Name], A18, S3_Game_Stats[Losses]),"") | J18: =IFERROR((SUMIFS('S3 Regular Season'!D:D, 'S3 Regular Season'!A:A, A18, 'S3 Regular Season'!I:I, 0) + SUMIFS('S3 Regular Season'!N:N, 'S3 Regular Season'!K:K, A18, 'S3 Regular Season'!S:S, 0)) / SUMIF(S3_Game_Stats[Name], A18, S3_Game_Stats[Losses]),"")
A19: Andrew | B19: =IFERROR(SUMIF(S3_Stats[4], A19, S3_Stats[Kills]) / SUMIF(S3_Stats[4], A19, S3_Stats[Deaths]),"") | C19: =IFERROR(SUMIF(S3_Stats[4], A19, S3_Stats[Total Damage]) / SUMIF(S3_Stats[4], A19, S3_Stats[Kills]),"") | D19: =IFERROR(SUMIF(S3_Stats[4], A19, S3_Stats[Kills]) / SUMIF(S3_Game_Stats[Name], A19, S3_Game_Stats[Rounds Played]),"") | E19: =IFERROR(SUMIF(S3_Stats[4], A19, S3_Stats[Assists]) / SUMIF(S3_Game_Stats[Name], A19, S3_Game_Stats[Rounds Played]),"") | F19: =IFERROR(SUMIF(S3_Stats[4], A19, S3_Stats[Deaths]) / SUMIF(S3_Game_Stats[Name], A19, S3_Game_Stats[Rounds Played]),"") | G19: =IFERROR((SUMIFS('S3 Regular Season'!B:B, 'S3 Regular Season'!A:A, A19, 'S3 Regular Season'!I:I, 1) + SUMIFS('S3 Regular Season'!L:L, 'S3 Regular Season'!K:K, A19, 'S3 Regular Season'!S:S, 1)) / SUMIF(S3_Game_Stats[Name], A19, S3_Game_Stats[Wins]),"") | H19: =IFERROR((SUMIFS('S3 Regular Season'!D:D, 'S3 Regular Season'!A:A, A19, 'S3 Regular Season'!I:I, 1) + SUMIFS('S3 Regular Season'!N:N, 'S3 Regular Season'!K:K, A19, 'S3 Regular Season'!S:S, 1)) / SUMIF(S3_Game_Stats[Name], A19, S3_Game_Stats[Wins]),"") | I19: =IFERROR((SUMIFS('S3 Regular Season'!B:B, 'S3 Regular Season'!A:A, A19, 'S3 Regular Season'!I:I, 0) + SUMIFS('S3 Regular Season'!L:L, 'S3 Regular Season'!K:K, A19, 'S3 Regular Season'!S:S, 0)) / SUMIF(S3_Game_Stats[Name], A19, S3_Game_Stats[Losses]),"") | J19: =IFERROR((SUMIFS('S3 Regular Season'!D:D, 'S3 Regular Season'!A:A, A19, 'S3 Regular Season'!I:I, 0) + SUMIFS('S3 Regular Season'!N:N, 'S3 Regular Season'!K:K, A19, 'S3 Regular Season'!S:S, 0)) / SUMIF(S3_Game_Stats[Name], A19, S3_Game_Stats[Losses]),"")
A20: Brian | B20: =IFERROR(SUMIF(S3_Stats[4], A20, S3_Stats[Kills]) / SUMIF(S3_Stats[4], A20, S3_Stats[Deaths]),"") | C20: =IFERROR(SUMIF(S3_Stats[4], A20, S3_Stats[Total Damage]) / SUMIF(S3_Stats[4], A20, S3_Stats[Kills]),"") | D20: =IFERROR(SUMIF(S3_Stats[4], A20, S3_Stats[Kills]) / SUMIF(S3_Game_Stats[Name], A20, S3_Game_Stats[Rounds Played]),"") | E20: =IFERROR(SUMIF(S3_Stats[4], A20, S3_Stats[Assists]) / SUMIF(S3_Game_Stats[Name], A20, S3_Game_Stats[Rounds Played]),"") | F20: =IFERROR(SUMIF(S3_Stats[4], A20, S3_Stats[Deaths]) / SUMIF(S3_Game_Stats[Name], A20, S3_Game_Stats[Rounds Played]),"") | G20: =IFERROR((SUMIFS('S3 Regular Season'!B:B, 'S3 Regular Season'!A:A, A20, 'S3 Regular Season'!I:I, 1) + SUMIFS('S3 Regular Season'!L:L, 'S3 Regular Season'!K:K, A20, 'S3 Regular Season'!S:S, 1)) / SUMIF(S3_Game_Stats[Name], A20, S3_Game_Stats[Wins]),"") | H20: =IFERROR((SUMIFS('S3 Regular Season'!D:D, 'S3 Regular Season'!A:A, A20, 'S3 Regular Season'!I:I, 1) + SUMIFS('S3 Regular Season'!N:N, 'S3 Regular Season'!K:K, A20, 'S3 Regular Season'!S:S, 1)) / SUMIF(S3_Game_Stats[Name], A20, S3_Game_Stats[Wins]),"") | I20: =IFERROR((SUMIFS('S3 Regular Season'!B:B, 'S3 Regular Season'!A:A, A20, 'S3 Regular Season'!I:I, 0) + SUMIFS('S3 Regular Season'!L:L, 'S3 Regular Season'!K:K, A20, 'S3 Regular Season'!S:S, 0)) / SUMIF(S3_Game_Stats[Name], A20, S3_Game_Stats[Losses]),"") | J20: =IFERROR((SUMIFS('S3 Regular Season'!D:D, 'S3 Regular Season'!A:A, A20, 'S3 Regular Season'!I:I, 0) + SUMIFS('S3 Regular Season'!N:N, 'S3 Regular Season'!K:K, A20, 'S3 Regular Season'!S:S, 0)) / SUMIF(S3_Game_Stats[Name], A20, S3_Game_Stats[Losses]),"")
A21: Dan | B21: =IFERROR(SUMIF(S3_Stats[4], A21, S3_Stats[Kills]) / SUMIF(S3_Stats[4], A21, S3_Stats[Deaths]),"") | C21: =IFERROR(SUMIF(S3_Stats[4], A21, S3_Stats[Total Damage]) / SUMIF(S3_Stats[4], A21, S3_Stats[Kills]),"") | D21: =IFERROR(SUMIF(S3_Stats[4], A21, S3_Stats[Kills]) / SUMIF(S3_Game_Stats[Name], A21, S3_Game_Stats[Rounds Played]),"") | E21: =IFERROR(SUMIF(S3_Stats[4], A21, S3_Stats[Assists]) / SUMIF(S3_Game_Stats[Name], A21, S3_Game_Stats[Rounds Played]),"") | F21: =IFERROR(SUMIF(S3_Stats[4], A21, S3_Stats[Deaths]) / SUMIF(S3_Game_Stats[Name], A21, S3_Game_Stats[Rounds Played]),"") | G21: =IFERROR((SUMIFS('S3 Regular Season'!B:B, 'S3 Regular Season'!A:A, A21, 'S3 Regular Season'!I:I, 1) + SUMIFS('S3 Regular Season'!L:L, 'S3 Regular Season'!K:K, A21, 'S3 Regular Season'!S:S, 1)) / SUMIF(S3_Game_Stats[Name], A21, S3_Game_Stats[Wins]),"") | H21: =IFERROR((SUMIFS('S3 Regular Season'!D:D, 'S3 Regular Season'!A:A, A21, 'S3 Regular Season'!I:I, 1) + SUMIFS('S3 Regular Season'!N:N, 'S3 Regular Season'!K:K, A21, 'S3 Regular Season'!S:S, 1)) / SUMIF(S3_Game_Stats[Name], A21, S3_Game_Stats[Wins]),"") | I21: =IFERROR((SUMIFS('S3 Regular Season'!B:B, 'S3 Regular Season'!A:A, A21, 'S3 Regular Season'!I:I, 0) + SUMIFS('S3 Regular Season'!L:L, 'S3 Regular Season'!K:K, A21, 'S3 Regular Season'!S:S, 0)) / SUMIF(S3_Game_Stats[Name], A21, S3_Game_Stats[Losses]),"") | J21: =IFERROR((SUMIFS('S3 Regular Season'!D:D, 'S3 Regular Season'!A:A, A21, 'S3 Regular Season'!I:I, 0) + SUMIFS('S3 Regular Season'!N:N, 'S3 Regular Season'!K:K, A21, 'S3 Regular Season'!S:S, 0)) / SUMIF(S3_Game_Stats[Name], A21, S3_Game_Stats[Losses]),"")
A22: Emanuel | B22: =IFERROR(SUMIF(S3_Stats[4], A22, S3_Stats[Kills]) / SUMIF(S3_Stats[4], A22, S3_Stats[Deaths]),"") | C22: =IFERROR(SUMIF(S3_Stats[4], A22, S3_Stats[Total Damage]) / SUMIF(S3_Stats[4], A22, S3_Stats[Kills]),"") | D22: =IFERROR(SUMIF(S3_Stats[4], A22, S3_Stats[Kills]) / SUMIF(S3_Game_Stats[Name], A22, S3_Game_Stats[Rounds Played]),"") | E22: =IFERROR(SUMIF(S3_Stats[4], A22, S3_Stats[Assists]) / SUMIF(S3_Game_Stats[Name], A22, S3_Game_Stats[Rounds Played]),"") | F22: =IFERROR(SUMIF(S3_Stats[4], A22, S3_Stats[Deaths]) / SUMIF(S3_Game_Stats[Name], A22, S3_Game_Stats[Rounds Played]),"") | G22: =IFERROR((SUMIFS('S3 Regular Season'!B:B, 'S3 Regular Season'!A:A, A22, 'S3 Regular Season'!I:I, 1) + SUMIFS('S3 Regular Season'!L:L, 'S3 Regular Season'!K:K, A22, 'S3 Regular Season'!S:S, 1)) / SUMIF(S3_Game_Stats[Name], A22, S3_Game_Stats[Wins]),"") | H22: =IFERROR((SUMIFS('S3 Regular Season'!D:D, 'S3 Regular Season'!A:A, A22, 'S3 Regular Season'!I:I, 1) + SUMIFS('S3 Regular Season'!N:N, 'S3 Regular Season'!K:K, A22, 'S3 Regular Season'!S:S, 1)) / SUMIF(S3_Game_Stats[Name], A22, S3_Game_Stats[Wins]),"") | I22: =IFERROR((SUMIFS('S3 Regular Season'!B:B, 'S3 Regular Season'!A:A, A22, 'S3 Regular Season'!I:I, 0) + SUMIFS('S3 Regular Season'!L:L, 'S3 Regular Season'!K:K, A22, 'S3 Regular Season'!S:S, 0)) / SUMIF(S3_Game_Stats[Name], A22, S3_Game_Stats[Losses]),"") | J22: =IFERROR((SUMIFS('S3 Regular Season'!D:D, 'S3 Regular Season'!A:A, A22, 'S3 Regular Season'!I:I, 0) + SUMIFS('S3 Regular Season'!N:N, 'S3 Regular Season'!K:K, A22, 'S3 Regular Season'!S:S, 0)) / SUMIF(S3_Game_Stats[Name], A22, S3_Game_Stats[Losses]),"")
A23: Eric | B23: =IFERROR(SUMIF(S3_Stats[4], A23, S3_Stats[Kills]) / SUMIF(S3_Stats[4], A23, S3_Stats[Deaths]),"") | C23: =IFERROR(SUMIF(S3_Stats[4], A23, S3_Stats[Total Damage]) / SUMIF(S3_Stats[4], A23, S3_Stats[Kills]),"") | D23: =IFERROR(SUMIF(S3_Stats[4], A23, S3_Stats[Kills]) / SUMIF(S3_Game_Stats[Name], A23, S3_Game_Stats[Rounds Played]),"") | E23: =IFERROR(SUMIF(S3_Stats[4], A23, S3_Stats[Assists]) / SUMIF(S3_Game_Stats[Name], A23, S3_Game_Stats[Rounds Played]),"") | F23: =IFERROR(SUMIF(S3_Stats[4], A23, S3_Stats[Deaths]) / SUMIF(S3_Game_Stats[Name], A23, S3_Game_Stats[Rounds Played]),"") | G23: =IFERROR((SUMIFS('S3 Regular Season'!B:B, 'S3 Regular Season'!A:A, A23, 'S3 Regular Season'!I:I, 1) + SUMIFS('S3 Regular Season'!L:L, 'S3 Regular Season'!K:K, A23, 'S3 Regular Season'!S:S, 1)) / SUMIF(S3_Game_Stats[Name], A23, S3_Game_Stats[Wins]),"") | H23: =IFERROR((SUMIFS('S3 Regular Season'!D:D, 'S3 Regular Season'!A:A, A23, 'S3 Regular Season'!I:I, 1) + SUMIFS('S3 Regular Season'!N:N, 'S3 Regular Season'!K:K, A23, 'S3 Regular Season'!S:S, 1)) / SUMIF(S3_Game_Stats[Name], A23, S3_Game_Stats[Wins]),"") | I23: =IFERROR((SUMIFS('S3 Regular Season'!B:B, 'S3 Regular Season'!A:A, A23, 'S3 Regular Season'!I:I, 0) + SUMIFS('S3 Regular Season'!L:L, 'S3 Regular Season'!K:K, A23, 'S3 Regular Season'!S:S, 0)) / SUMIF(S3_Game_Stats[Name], A23, S3_Game_Stats[Losses]),"") | J23: =IFERROR((SUMIFS('S3 Regular Season'!D:D, 'S3 Regular Season'!A:A, A23, 'S3 Regular Season'!I:I, 0) + SUMIFS('S3 Regular Season'!N:N, 'S3 Regular Season'!K:K, A23, 'S3 Regular Season'!S:S, 0)) / SUMIF(S3_Game_Stats[Name], A23, S3_Game_Stats[Losses]),"")
A24: Fred | B24: =IFERROR(SUMIF(S3_Stats[4], A24, S3_Stats[Kills]) / SUMIF(S3_Stats[4], A24, S3_Stats[Deaths]),"") | C24: =IFERROR(SUMIF(S3_Stats[4], A24, S3_Stats[Total Damage]) / SUMIF(S3_Stats[4], A24, S3_Stats[Kills]),"") | D24: =IFERROR(SUMIF(S3_Stats[4], A24, S3_Stats[Kills]) / SUMIF(S3_Game_Stats[Name], A24, S3_Game_Stats[Rounds Played]),"") | E24: =IFERROR(SUMIF(S3_Stats[4], A24, S3_Stats[Assists]) / SUMIF(S3_Game_Stats[Name], A24, S3_Game_Stats[Rounds Played]),"") | F24: =IFERROR(SUMIF(S3_Stats[4], A24, S3_Stats[Deaths]) / SUMIF(S3_Game_Stats[Name], A24, S3_Game_Stats[Rounds Played]),"") | G24: =IFERROR((SUMIFS('S3 Regular Season'!B:B, 'S3 Regular Season'!A:A, A24, 'S3 Regular Season'!I:I, 1) + SUMIFS('S3 Regular Season'!L:L, 'S3 Regular Season'!K:K, A24, 'S3 Regular Season'!S:S, 1)) / SUMIF(S3_Game_Stats[Name], A24, S3_Game_Stats[Wins]),"") | H24: =IFERROR((SUMIFS('S3 Regular Season'!D:D, 'S3 Regular Season'!A:A, A24, 'S3 Regular Season'!I:I, 1) + SUMIFS('S3 Regular Season'!N:N, 'S3 Regular Season'!K:K, A24, 'S3 Regular Season'!S:S, 1)) / SUMIF(S3_Game_Stats[Name], A24, S3_Game_Stats[Wins]),"") | I24: =IFERROR((SUMIFS('S3 Regular Season'!B:B, 'S3 Regular Season'!A:A, A24, 'S3 Regular Season'!I:I, 0) + SUMIFS('S3 Regular Season'!L:L, 'S3 Regular Season'!K:K, A24, 'S3 Regular Season'!S:S, 0)) / SUMIF(S3_Game_Stats[Name], A24, S3_Game_Stats[Losses]),"") | J24: =IFERROR((SUMIFS('S3 Regular Season'!D:D, 'S3 Regular Season'!A:A, A24, 'S3 Regular Season'!I:I, 0) + SUMIFS('S3 Regular Season'!N:N, 'S3 Regular Season'!K:K, A24, 'S3 Regular Season'!S:S, 0)) / SUMIF(S3_Game_Stats[Name], A24, S3_Game_Stats[Losses]),"")
A25: Kevin | B25: =IFERROR(SUMIF(S3_Stats[4], A25, S3_Stats[Kills]) / SUMIF(S3_Stats[4], A25, S3_Stats[Deaths]),"") | C25: =IFERROR(SUMIF(S3_Stats[4], A25, S3_Stats[Total Damage]) / SUMIF(S3_Stats[4], A25, S3_Stats[Kills]),"") | D25: =IFERROR(SUMIF(S3_Stats[4], A25, S3_Stats[Kills]) / SUMIF(S3_Game_Stats[Name], A25, S3_Game_Stats[Rounds Played]),"") | E25: =IFERROR(SUMIF(S3_Stats[4], A25, S3_Stats[Assists]) / SUMIF(S3_Game_Stats[Name], A25, S3_Game_Stats[Rounds Played]),"") | F25: =IFERROR(SUMIF(S3_Stats[4], A25, S3_Stats[Deaths]) / SUMIF(S3_Game_Stats[Name], A25, S3_Game_Stats[Rounds Played]),"") | G25: =IFERROR((SUMIFS('S3 Regular Season'!B:B, 'S3 Regular Season'!A:A, A25, 'S3 Regular Season'!I:I, 1) + SUMIFS('S3 Regular Season'!L:L, 'S3 Regular Season'!K:K, A25, 'S3 Regular Season'!S:S, 1)) / SUMIF(S3_Game_Stats[Name], A25, S3_Game_Stats[Wins]),"") | H25: =IFERROR((SUMIFS('S3 Regular Season'!D:D, 'S3 Regular Season'!A:A, A25, 'S3 Regular Season'!I:I, 1) + SUMIFS('S3 Regular Season'!N:N, 'S3 Regular Season'!K:K, A25, 'S3 Regular Season'!S:S, 1)) / SUMIF(S3_Game_Stats[Name], A25, S3_Game_Stats[Wins]),"") | I25: =IFERROR((SUMIFS('S3 Regular Season'!B:B, 'S3 Regular Season'!A:A, A25, 'S3 Regular Season'!I:I, 0) + SUMIFS('S3 Regular Season'!L:L, 'S3 Regular Season'!K:K, A25, 'S3 Regular Season'!S:S, 0)) / SUMIF(S3_Game_Stats[Name], A25, S3_Game_Stats[Losses]),"") | J25: =IFERROR((SUMIFS('S3 Regular Season'!D:D, 'S3 Regular Season'!A:A, A25, 'S3 Regular Season'!I:I, 0) + SUMIFS('S3 Regular Season'!N:N, 'S3 Regular Season'!K:K, A25, 'S3 Regular Season'!S:S, 0)) / SUMIF(S3_Game_Stats[Name], A25, S3_Game_Stats[Losses]),"")
A26: Michael | B26: =IFERROR(SUMIF(S3_Stats[4], A26, S3_Stats[Kills]) / SUMIF(S3_Stats[4], A26, S3_Stats[Deaths]),"") | C26: =IFERROR(SUMIF(S3_Stats[4], A26, S3_Stats[Total Damage]) / SUMIF(S3_Stats[4], A26, S3_Stats[Kills]),"") | D26: =IFERROR(SUMIF(S3_Stats[4], A26, S3_Stats[Kills]) / SUMIF(S3_Game_Stats[Name], A26, S3_Game_Stats[Rounds Played]),"") | E26: =IFERROR(SUMIF(S3_Stats[4], A26, S3_Stats[Assists]) / SUMIF(S3_Game_Stats[Name], A26, S3_Game_Stats[Rounds Played]),"") | F26: =IFERROR(SUMIF(S3_Stats[4], A26, S3_Stats[Deaths]) / SUMIF(S3_Game_Stats[Name], A26, S3_Game_Stats[Rounds Played]),"") | G26: =IFERROR((SUMIFS('S3 Regular Season'!B:B, 'S3 Regular Season'!A:A, A26, 'S3 Regular Season'!I:I, 1) + SUMIFS('S3 Regular Season'!L:L, 'S3 Regular Season'!K:K, A26, 'S3 Regular Season'!S:S, 1)) / SUMIF(S3_Game_Stats[Name], A26, S3_Game_Stats[Wins]),"") | H26: =IFERROR((SUMIFS('S3 Regular Season'!D:D, 'S3 Regular Season'!A:A, A26, 'S3 Regular Season'!I:I, 1) + SUMIFS('S3 Regular Season'!N:N, 'S3 Regular Season'!K:K, A26, 'S3 Regular Season'!S:S, 1)) / SUMIF(S3_Game_Stats[Name], A26, S3_Game_Stats[Wins]),"") | I26: =IFERROR((SUMIFS('S3 Regular Season'!B:B, 'S3 Regular Season'!A:A, A26, 'S3 Regular Season'!I:I, 0) + SUMIFS('S3 Regular Season'!L:L, 'S3 Regular Season'!K:K, A26, 'S3 Regular Season'!S:S, 0)) / SUMIF(S3_Game_Stats[Name], A26, S3_Game_Stats[Losses]),"") | J26: =IFERROR((SUMIFS('S3 Regular Season'!D:D, 'S3 Regular Season'!A:A, A26, 'S3 Regular Season'!I:I, 0) + SUMIFS('S3 Regular Season'!N:N, 'S3 Regular Season'!K:K, A26, 'S3 Regular Season'!S:S, 0)) / SUMIF(S3_Game_Stats[Name], A26, S3_Game_Stats[Losses]),"")
A27: Sean | B27: =IFERROR(SUMIF(S3_Stats[4], A27, S3_Stats[Kills]) / SUMIF(S3_Stats[4], A27, S3_Stats[Deaths]),"") | C27: =IFERROR(SUMIF(S3_Stats[4], A27, S3_Stats[Total Damage]) / SUMIF(S3_Stats[4], A27, S3_Stats[Kills]),"") | D27: =IFERROR(SUMIF(S3_Stats[4], A27, S3_Stats[Kills]) / SUMIF(S3_Game_Stats[Name], A27, S3_Game_Stats[Rounds Played]),"") | E27: =IFERROR(SUMIF(S3_Stats[4], A27, S3_Stats[Assists]) / SUMIF(S3_Game_Stats[Name], A27, S3_Game_Stats[Rounds Played]),"") | F27: =IFERROR(SUMIF(S3_Stats[4], A27, S3_Stats[Deaths]) / SUMIF(S3_Game_Stats[Name], A27, S3_Game_Stats[Rounds Played]),"") | G27: =IFERROR((SUMIFS('S3 Regular Season'!B:B, 'S3 Regular Season'!A:A, A27, 'S3 Regular Season'!I:I, 1) + SUMIFS('S3 Regular Season'!L:L, 'S3 Regular Season'!K:K, A27, 'S3 Regular Season'!S:S, 1)) / SUMIF(S3_Game_Stats[Name], A27, S3_Game_Stats[Wins]),"") | H27: =IFERROR((SUMIFS('S3 Regular Season'!D:D, 'S3 Regular Season'!A:A, A27, 'S3 Regular Season'!I:I, 1) + SUMIFS('S3 Regular Season'!N:N, 'S3 Regular Season'!K:K, A27, 'S3 Regular Season'!S:S, 1)) / SUMIF(S3_Game_Stats[Name], A27, S3_Game_Stats[Wins]),"") | I27: =IFERROR((SUMIFS('S3 Regular Season'!B:B, 'S3 Regular Season'!A:A, A27, 'S3 Regular Season'!I:I, 0) + SUMIFS('S3 Regular Season'!L:L, 'S3 Regular Season'!K:K, A27, 'S3 Regular Season'!S:S, 0)) / SUMIF(S3_Game_Stats[Name], A27, S3_Game_Stats[Losses]),"") | J27: =IFERROR((SUMIFS('S3 Regular Season'!D:D, 'S3 Regular Season'!A:A, A27, 'S3 Regular Season'!I:I, 0) + SUMIFS('S3 Regular Season'!N:N, 'S3 Regular Season'!K:K, A27, 'S3 Regular Season'!S:S, 0)) / SUMIF(S3_Game_Stats[Name], A27, S3_Game_Stats[Losses]),"")
A28: Steve | B28: =IFERROR(SUMIF(S3_Stats[4], A28, S3_Stats[Kills]) / SUMIF(S3_Stats[4], A28, S3_Stats[Deaths]),"") | C28: =IFERROR(SUMIF(S3_Stats[4], A28, S3_Stats[Total Damage]) / SUMIF(S3_Stats[4], A28, S3_Stats[Kills]),"") | D28: =IFERROR(SUMIF(S3_Stats[4], A28, S3_Stats[Kills]) / SUMIF(S3_Game_Stats[Name], A28, S3_Game_Stats[Rounds Played]),"") | E28: =IFERROR(SUMIF(S3_Stats[4], A28, S3_Stats[Assists]) / SUMIF(S3_Game_Stats[Name], A28, S3_Game_Stats[Rounds Played]),"") | F28: =IFERROR(SUMIF(S3_Stats[4], A28, S3_Stats[Deaths]) / SUMIF(S3_Game_Stats[Name], A28, S3_Game_Stats[Rounds Played]),"") | G28: =IFERROR((SUMIFS('S3 Regular Season'!B:B, 'S3 Regular Season'!A:A, A28, 'S3 Regular Season'!I:I, 1) + SUMIFS('S3 Regular Season'!L:L, 'S3 Regular Season'!K:K, A28, 'S3 Regular Season'!S:S, 1)) / SUMIF(S3_Game_Stats[Name], A28, S3_Game_Stats[Wins]),"") | H28: =IFERROR((SUMIFS('S3 Regular Season'!D:D, 'S3 Regular Season'!A:A, A28, 'S3 Regular Season'!I:I, 1) + SUMIFS('S3 Regular Season'!N:N, 'S3 Regular Season'!K:K, A28, 'S3 Regular Season'!S:S, 1)) / SUMIF(S3_Game_Stats[Name], A28, S3_Game_Stats[Wins]),"") | I28: =IFERROR((SUMIFS('S3 Regular Season'!B:B, 'S3 Regular Season'!A:A, A28, 'S3 Regular Season'!I:I, 0) + SUMIFS('S3 Regular Season'!L:L, 'S3 Regular Season'!K:K, A28, 'S3 Regular Season'!S:S, 0)) / SUMIF(S3_Game_Stats[Name], A28, S3_Game_Stats[Losses]),"") | J28: =IFERROR((SUMIFS('S3 Regular Season'!D:D, 'S3 Regular Season'!A:A, A28, 'S3 Regular Season'!I:I, 0) + SUMIFS('S3 Regular Season'!N:N, 'S3 Regular Season'!K:K, A28, 'S3 Regular Season'!S:S, 0)) / SUMIF(S3_Game_Stats[Name], A28, S3_Game_Stats[Losses]),"")
A29: Tim | B29: =IFERROR(SUMIF(S3_Stats[4], A29, S3_Stats[Kills]) / SUMIF(S3_Stats[4], A29, S3_Stats[Deaths]),"") | C29: =IFERROR(SUMIF(S3_Stats[4], A29, S3_Stats[Total Damage]) / SUMIF(S3_Stats[4], A29, S3_Stats[Kills]),"") | D29: =IFERROR(SUMIF(S3_Stats[4], A29, S3_Stats[Kills]) / SUMIF(S3_Game_Stats[Name], A29, S3_Game_Stats[Rounds Played]),"") | E29: =IFERROR(SUMIF(S3_Stats[4], A29, S3_Stats[Assists]) / SUMIF(S3_Game_Stats[Name], A29, S3_Game_Stats[Rounds Played]),"") | F29: =IFERROR(SUMIF(S3_Stats[4], A29, S3_Stats[Deaths]) / SUMIF(S3_Game_Stats[Name], A29, S3_Game_Stats[Rounds Played]),"") | G29: =IFERROR((SUMIFS('S3 Regular Season'!B:B, 'S3 Regular Season'!A:A, A29, 'S3 Regular Season'!I:I, 1) + SUMIFS('S3 Regular Season'!L:L, 'S3 Regular Season'!K:K, A29, 'S3 Regular Season'!S:S, 1)) / SUMIF(S3_Game_Stats[Name], A29, S3_Game_Stats[Wins]),"") | H29: =IFERROR((SUMIFS('S3 Regular Season'!D:D, 'S3 Regular Season'!A:A, A29, 'S3 Regular Season'!I:I, 1) + SUMIFS('S3 Regular Season'!N:N, 'S3 Regular Season'!K:K, A29, 'S3 Regular Season'!S:S, 1)) / SUMIF(S3_Game_Stats[Name], A29, S3_Game_Stats[Wins]),"") | I29: =IFERROR((SUMIFS('S3 Regular Season'!B:B, 'S3 Regular Season'!A:A, A29, 'S3 Regular Season'!I:I, 0) + SUMIFS('S3 Regular Season'!L:L, 'S3 Regular Season'!K:K, A29, 'S3 Regular Season'!S:S, 0)) / SUMIF(S3_Game_Stats[Name], A29, S3_Game_Stats[Losses]),"") | J29: =IFERROR((SUMIFS('S3 Regular Season'!D:D, 'S3 Regular Season'!A:A, A29, 'S3 Regular Season'!I:I, 0) + SUMIFS('S3 Regular Season'!N:N, 'S3 Regular Season'!K:K, A29, 'S3 Regular Season'!S:S, 0)) / SUMIF(S3_Game_Stats[Name], A29, S3_Game_Stats[Losses]),"")
A30: Zach | B30: =IFERROR(SUMIF(S3_Stats[4], A30, S3_Stats[Kills]) / SUMIF(S3_Stats[4], A30, S3_Stats[Deaths]),"") | C30: =IFERROR(SUMIF(S3_Stats[4], A30, S3_Stats[Total Damage]) / SUMIF(S3_Stats[4], A30, S3_Stats[Kills]),"") | D30: =IFERROR(SUMIF(S3_Stats[4], A30, S3_Stats[Kills]) / SUMIF(S3_Game_Stats[Name], A30, S3_Game_Stats[Rounds Played]),"") | E30: =IFERROR(SUMIF(S3_Stats[4], A30, S3_Stats[Assists]) / SUMIF(S3_Game_Stats[Name], A30, S3_Game_Stats[Rounds Played]),"") | F30: =IFERROR(SUMIF(S3_Stats[4], A30, S3_Stats[Deaths]) / SUMIF(S3_Game_Stats[Name], A30, S3_Game_Stats[Rounds Played]),"") | G30: =IFERROR((SUMIFS('S3 Regular Season'!B:B, 'S3 Regular Season'!A:A, A30, 'S3 Regular Season'!I:I, 1) + SUMIFS('S3 Regular Season'!L:L, 'S3 Regular Season'!K:K, A30, 'S3 Regular Season'!S:S, 1)) / SUMIF(S3_Game_Stats[Name], A30, S3_Game_Stats[Wins]),"") | H30: =IFERROR((SUMIFS('S3 Regular Season'!D:D, 'S3 Regular Season'!A:A, A30, 'S3 Regular Season'!I:I, 1) + SUMIFS('S3 Regular Season'!N:N, 'S3 Regular Season'!K:K, A30, 'S3 Regular Season'!S:S, 1)) / SUMIF(S3_Game_Stats[Name], A30, S3_Game_Stats[Wins]),"") | I30: =IFERROR((SUMIFS('S3 Regular Season'!B:B, 'S3 Regular Season'!A:A, A30, 'S3 Regular Season'!I:I, 0) + SUMIFS('S3 Regular Season'!L:L, 'S3 Regular Season'!K:K, A30, 'S3 Regular Season'!S:S, 0)) / SUMIF(S3_Game_Stats[Name], A30, S3_Game_Stats[Losses]),"") | J30: =IFERROR((SUMIFS('S3 Regular Season'!D:D, 'S3 Regular Season'!A:A, A30, 'S3 Regular Season'!I:I, 0) + SUMIFS('S3 Regular Season'!N:N, 'S3 Regular Season'!K:K, A30, 'S3 Regular Season'!S:S, 0)) / SUMIF(S3_Game_Stats[Name], A30, S3_Game_Stats[Losses]),"")
A33: Name | B33: Games | C33: Wins | D33: Losses | E33: WR % | F33: Round WR % | G33: Rounds Won | H33: Rounds Lost | I33: Rounds Played | L33: Place | M33: Player | N33: WR | O33: Round WR
A34: Adam | B34: =COUNTIFS('S3 Regular Season'!A:A, A34, 'S3 Regular Season'!I:I, "<>") + COUNTIFS('S3 Regular Season'!K:K, A34, 'S3 Regular Season'!S:S, "<>") -> 0 | C34: =SUMIF('S3 Regular Season'!A:A, A34, 'S3 Regular Season'!I:I) + SUMIF('S3 Regular Season'!K:K, A34, 'S3 Regular Season'!S:S) -> 0 | D34: =SUMIF(S3_Game_Stats[Name], A34, S3_Game_Stats[Games]) - SUMIF(S3_Game_Stats[Name], A34, S3_Game_Stats[Wins]) -> 0 | E34: =IFERROR(SUMIF(S3_Game_Stats[Name], A34, S3_Game_Stats[Wins]) / SUMIF(S3_Game_Stats[Name], A34, S3_Game_Stats[Games]),"") | F34: =IFERROR(SUMIF(S3_Game_Stats[Name], A34, S3_Game_Stats[Rounds Won]) / SUMIF(S3_Game_Stats[Name], A34, S3_Game_Stats[Rounds Played]),"") | G34: =SUMIF('S3 Regular Season'!A:A, A34, 'S3 Regular Season'!H:H) + SUMIF('S3 Regular Season'!K:K, A34, 'S3 Regular Season'!R:R) -> 0 | H34: =SUMIF(S3_Game_Stats[Name], A34, S3_Game_Stats[Rounds Played]) - SUMIF(S3_Game_Stats[Name], A34, S3_Game_Stats[Rounds Won]) -> 0 | I34: =SUMIF('S3 Regular Season'!A:A, A34, 'S3 Regular Season'!G:G) + SUMIF('S3 Regular Season'!K:K, A34, 'S3 Regular Season'!Q:Q) -> 0 | K34: 1st Round Bye | L34: 1 | M34: {=SORT(S3_Game_Stats[Name],S3_Game_Stats[WR %],false,S3_Game_Stats[Round WR %],false)} -> Adam | N34: {=SORT(S3_Game_Stats[WR %],S3_Game_Stats[WR %],false,S3_Game_Stats[Round WR %],false)} | O34: {=SORT(S3_Game_Stats[Round WR %],S3_Game_Stats[WR %],false,S3_Game_Stats[Round WR %],false)}
A35: Andrew | B35: =COUNTIFS('S3 Regular Season'!A:A, A35, 'S3 Regular Season'!I:I, "<>") + COUNTIFS('S3 Regular Season'!K:K, A35, 'S3 Regular Season'!S:S, "<>") -> 0 | C35: =SUMIF('S3 Regular Season'!A:A, A35, 'S3 Regular Season'!I:I) + SUMIF('S3 Regular Season'!K:K, A35, 'S3 Regular Season'!S:S) -> 0 | D35: =SUMIF(S3_Game_Stats[Name], A35, S3_Game_Stats[Games]) - SUMIF(S3_Game_Stats[Name], A35, S3_Game_Stats[Wins]) -> 0 | E35: =IFERROR(SUMIF(S3_Game_Stats[Name], A35, S3_Game_Stats[Wins]) / SUMIF(S3_Game_Stats[Name], A35, S3_Game_Stats[Games]),"") | F35: =IFERROR(SUMIF(S3_Game_Stats[Name], A35, S3_Game_Stats[Rounds Won]) / SUMIF(S3_Game_Stats[Name], A35, S3_Game_Stats[Rounds Played]),"") | G35: =SUMIF('S3 Regular Season'!A:A, A35, 'S3 Regular Season'!H:H) + SUMIF('S3 Regular Season'!K:K, A35, 'S3 Regular Season'!R:R) -> 0 | H35: =SUMIF(S3_Game_Stats[Name], A35, S3_Game_Stats[Rounds Played]) - SUMIF(S3_Game_Stats[Name], A35, S3_Game_Stats[Rounds Won]) -> 0 | I35: =SUMIF('S3 Regular Season'!A:A, A35, 'S3 Regular Season'!G:G) + SUMIF('S3 Regular Season'!K:K, A35, 'S3 Regular Season'!Q:Q) -> 0 | L35: 2 | M35: Andrew
A36: Brian | B36: =COUNTIFS('S3 Regular Season'!A:A, A36, 'S3 Regular Season'!I:I, "<>") + COUNTIFS('S3 Regular Season'!K:K, A36, 'S3 Regular Season'!S:S, "<>") -> 0 | C36: =SUMIF('S3 Regular Season'!A:A, A36, 'S3 Regular Season'!I:I) + SUMIF('S3 Regular Season'!K:K, A36, 'S3 Regular Season'!S:S) -> 0 | D36: =SUMIF(S3_Game_Stats[Name], A36, S3_Game_Stats[Games]) - SUMIF(S3_Game_Stats[Name], A36, S3_Game_Stats[Wins]) -> 0 | E36: =IFERROR(SUMIF(S3_Game_Stats[Name], A36, S3_Game_Stats[Wins]) / SUMIF(S3_Game_Stats[Name], A36, S3_Game_Stats[Games]),"") | F36: =IFERROR(SUMIF(S3_Game_Stats[Name], A36, S3_Game_Stats[Rounds Won]) / SUMIF(S3_Game_Stats[Name], A36, S3_Game_Stats[Rounds Played]),"") | G36: =SUMIF('S3 Regular Season'!A:A, A36, 'S3 Regular Season'!H:H) + SUMIF('S3 Regular Season'!K:K, A36, 'S3 Regular Season'!R:R) -> 0 | H36: =SUMIF(S3_Game_Stats[Name], A36, S3_Game_Stats[Rounds Played]) - SUMIF(S3_Game_Stats[Name], A36, S3_Game_Stats[Rounds Won]) -> 0 | I36: =SUMIF('S3 Regular Season'!A:A, A36, 'S3 Regular Season'!G:G) + SUMIF('S3 Regular Season'!K:K, A36, 'S3 Regular Season'!Q:Q) -> 0 | L36: 3 | M36: Brian
A37: Dan | B37: =COUNTIFS('S3 Regular Season'!A:A, A37, 'S3 Regular Season'!I:I, "<>") + COUNTIFS('S3 Regular Season'!K:K, A37, 'S3 Regular Season'!S:S, "<>") -> 0 | C37: =SUMIF('S3 Regular Season'!A:A, A37, 'S3 Regular Season'!I:I) + SUMIF('S3 Regular Season'!K:K, A37, 'S3 Regular Season'!S:S) -> 0 | D37: =SUMIF(S3_Game_Stats[Name], A37, S3_Game_Stats[Games]) - SUMIF(S3_Game_Stats[Name], A37, S3_Game_Stats[Wins]) -> 0 | E37: =IFERROR(SUMIF(S3_Game_Stats[Name], A37, S3_Game_Stats[Wins]) / SUMIF(S3_Game_Stats[Name], A37, S3_Game_Stats[Games]),"") | F37: =IFERROR(SUMIF(S3_Game_Stats[Name], A37, S3_Game_Stats[Rounds Won]) / SUMIF(S3_Game_Stats[Name], A37, S3_Game_Stats[Rounds Played]),"") | G37: =SUMIF('S3 Regular Season'!A:A, A37, 'S3 Regular Season'!H:H) + SUMIF('S3 Regular Season'!K:K, A37, 'S3 Regular Season'!R:R) -> 0 | H37: =SUMIF(S3_Game_Stats[Name], A37, S3_Game_Stats[Rounds Played]) - SUMIF(S3_Game_Stats[Name], A37, S3_Game_Stats[Rounds Won]) -> 0 | I37: =SUMIF('S3 Regular Season'!A:A, A37, 'S3 Regular Season'!G:G) + SUMIF('S3 Regular Season'!K:K, A37, 'S3 Regular Season'!Q:Q) -> 0 | L37: 4 | M37: Dan
A38: Emanuel | B38: =COUNTIFS('S3 Regular Season'!A:A, A38, 'S3 Regular Season'!I:I, "<>") + COUNTIFS('S3 Regular Season'!K:K, A38, 'S3 Regular Season'!S:S, "<>") -> 0 | C38: =SUMIF('S3 Regular Season'!A:A, A38, 'S3 Regular Season'!I:I) + SUMIF('S3 Regular Season'!K:K, A38, 'S3 Regular Season'!S:S) -> 0 | D38: =SUMIF(S3_Game_Stats[Name], A38, S3_Game_Stats[Games]) - SUMIF(S3_Game_Stats[Name], A38, S3_Game_Stats[Wins]) -> 0 | E38: =IFERROR(SUMIF(S3_Game_Stats[Name], A38, S3_Game_Stats[Wins]) / SUMIF(S3_Game_Stats[Name], A38, S3_Game_Stats[Games]),"") | F38: =IFERROR(SUMIF(S3_Game_Stats[Name], A38, S3_Game_Stats[Rounds Won]) / SUMIF(S3_Game_Stats[Name], A38, S3_Game_Stats[Rounds Played]),"") | G38: =SUMIF('S3 Regular Season'!A:A, A38, 'S3 Regular Season'!H:H) + SUMIF('S3 Regular Season'!K:K, A38, 'S3 Regular Season'!R:R) -> 0 | H38: =SUMIF(S3_Game_Stats[Name], A38, S3_Game_Stats[Rounds Played]) - SUMIF(S3_Game_Stats[Name], A38, S3_Game_Stats[Rounds Won]) -> 0 | I38: =SUMIF('S3 Regular Season'!A:A, A38, 'S3 Regular Season'!G:G) + SUMIF('S3 Regular Season'!K:K, A38, 'S3 Regular Season'!Q:Q) -> 0 | L38: 5 | M38: Emanuel
A39: Eric | B39: =COUNTIFS('S3 Regular Season'!A:A, A39, 'S3 Regular Season'!I:I, "<>") + COUNTIFS('S3 Regular Season'!K:K, A39, 'S3 Regular Season'!S:S, "<>") -> 0 | C39: =SUMIF('S3 Regular Season'!A:A, A39, 'S3 Regular Season'!I:I) + SUMIF('S3 Regular Season'!K:K, A39, 'S3 Regular Season'!S:S) -> 0 | D39: =SUMIF(S3_Game_Stats[Name], A39, S3_Game_Stats[Games]) - SUMIF(S3_Game_Stats[Name], A39, S3_Game_Stats[Wins]) -> 0 | E39: =IFERROR(SUMIF(S3_Game_Stats[Name], A39, S3_Game_Stats[Wins]) / SUMIF(S3_Game_Stats[Name], A39, S3_Game_Stats[Games]),"") | F39: =IFERROR(SUMIF(S3_Game_Stats[Name], A39, S3_Game_Stats[Rounds Won]) / SUMIF(S3_Game_Stats[Name], A39, S3_Game_Stats[Rounds Played]),"") | G39: =SUMIF('S3 Regular Season'!A:A, A39, 'S3 Regular Season'!H:H) + SUMIF('S3 Regular Season'!K:K, A39, 'S3 Regular Season'!R:R) -> 0 | H39: =SUMIF(S3_Game_Stats[Name], A39, S3_Game_Stats[Rounds Played]) - SUMIF(S3_Game_Stats[Name], A39, S3_Game_Stats[Rounds Won]) -> 0 | I39: =SUMIF('S3 Regular Season'!A:A, A39, 'S3 Regular Season'!G:G) + SUMIF('S3 Regular Season'!K:K, A39, 'S3 Regular Season'!Q:Q) -> 0 | L39: 6 | M39: Eric
A40: Fred | B40: =COUNTIFS('S3 Regular Season'!A:A, A40, 'S3 Regular Season'!I:I, "<>") + COUNTIFS('S3 Regular Season'!K:K, A40, 'S3 Regular Season'!S:S, "<>") -> 0 | C40: =SUMIF('S3 Regular Season'!A:A, A40, 'S3 Regular Season'!I:I) + SUMIF('S3 Regular Season'!K:K, A40, 'S3 Regular Season'!S:S) -> 0 | D40: =SUMIF(S3_Game_Stats[Name], A40, S3_Game_Stats[Games]) - SUMIF(S3_Game_Stats[Name], A40, S3_Game_Stats[Wins]) -> 0 | E40: =IFERROR(SUMIF(S3_Game_Stats[Name], A40, S3_Game_Stats[Wins]) / SUMIF(S3_Game_Stats[Name], A40, S3_Game_Stats[Games]),"") | F40: =IFERROR(SUMIF(S3_Game_Stats[Name], A40, S3_Game_Stats[Rounds Won]) / SUMIF(S3_Game_Stats[Name], A40, S3_Game_Stats[Rounds Played]),"") | G40: =SUMIF('S3 Regular Season'!A:A, A40, 'S3 Regular Season'!H:H) + SUMIF('S3 Regular Season'!K:K, A40, 'S3 Regular Season'!R:R) -> 0 | H40: =SUMIF(S3_Game_Stats[Name], A40, S3_Game_Stats[Rounds Played]) - SUMIF(S3_Game_Stats[Name], A40, S3_Game_Stats[Rounds Won]) -> 0 | I40: =SUMIF('S3 Regular Season'!A:A, A40, 'S3 Regular Season'!G:G) + SUMIF('S3 Regular Season'!K:K, A40, 'S3 Regular Season'!Q:Q) -> 0 | L40: 7 | M40: Fred
A41: Kevin | B41: =COUNTIFS('S3 Regular Season'!A:A, A41, 'S3 Regular Season'!I:I, "<>") + COUNTIFS('S3 Regular Season'!K:K, A41, 'S3 Regular Season'!S:S, "<>") -> 0 | C41: =SUMIF('S3 Regular Season'!A:A, A41, 'S3 Regular Season'!I:I) + SUMIF('S3 Regular Season'!K:K, A41, 'S3 Regular Season'!S:S) -> 0 | D41: =SUMIF(S3_Game_Stats[Name], A41, S3_Game_Stats[Games]) - SUMIF(S3_Game_Stats[Name], A41, S3_Game_Stats[Wins]) -> 0 | E41: =IFERROR(SUMIF(S3_Game_Stats[Name], A41, S3_Game_Stats[Wins]) / SUMIF(S3_Game_Stats[Name], A41, S3_Game_Stats[Games]),"") | F41: =IFERROR(SUMIF(S3_Game_Stats[Name], A41, S3_Game_Stats[Rounds Won]) / SUMIF(S3_Game_Stats[Name], A41, S3_Game_Stats[Rounds Played]),"") | G41: =SUMIF('S3 Regular Season'!A:A, A41, 'S3 Regular Season'!H:H) + SUMIF('S3 Regular Season'!K:K, A41, 'S3 Regular Season'!R:R) -> 0 | H41: =SUMIF(S3_Game_Stats[Name], A41, S3_Game_Stats[Rounds Played]) - SUMIF(S3_Game_Stats[Name], A41, S3_Game_Stats[Rounds Won]) -> 0 | I41: =SUMIF('S3 Regular Season'!A:A, A41, 'S3 Regular Season'!G:G) + SUMIF('S3 Regular Season'!K:K, A41, 'S3 Regular Season'!Q:Q) -> 0 | L41: 8 | M41: Kevin
A42: Michael | B42: =COUNTIFS('S3 Regular Season'!A:A, A42, 'S3 Regular Season'!I:I, "<>") + COUNTIFS('S3 Regular Season'!K:K, A42, 'S3 Regular Season'!S:S, "<>") -> 0 | C42: =SUMIF('S3 Regular Season'!A:A, A42, 'S3 Regular Season'!I:I) + SUMIF('S3 Regular Season'!K:K, A42, 'S3 Regular Season'!S:S) -> 0 | D42: =SUMIF(S3_Game_Stats[Name], A42, S3_Game_Stats[Games]) - SUMIF(S3_Game_Stats[Name], A42, S3_Game_Stats[Wins]) -> 0 | E42: =IFERROR(SUMIF(S3_Game_Stats[Name], A42, S3_Game_Stats[Wins]) / SUMIF(S3_Game_Stats[Name], A42, S3_Game_Stats[Games]),"") | F42: =IFERROR(SUMIF(S3_Game_Stats[Name], A42, S3_Game_Stats[Rounds Won]) / SUMIF(S3_Game_Stats[Name], A42, S3_Game_Stats[Rounds Played]),"") | G42: =SUMIF('S3 Regular Season'!A:A, A42, 'S3 Regular Season'!H:H) + SUMIF('S3 Regular Season'!K:K, A42, 'S3 Regular Season'!R:R) -> 0 | H42: =SUMIF(S3_Game_Stats[Name], A42, S3_Game_Stats[Rounds Played]) - SUMIF(S3_Game_Stats[Name], A42, S3_Game_Stats[Rounds Won]) -> 0 | I42: =SUMIF('S3 Regular Season'!A:A, A42, 'S3 Regular Season'!G:G) + SUMIF('S3 Regular Season'!K:K, A42, 'S3 Regular Season'!Q:Q) -> 0 | L42: 9 | M42: Michael
A43: Sean | B43: =COUNTIFS('S3 Regular Season'!A:A, A43, 'S3 Regular Season'!I:I, "<>") + COUNTIFS('S3 Regular Season'!K:K, A43, 'S3 Regular Season'!S:S, "<>") -> 0 | C43: =SUMIF('S3 Regular Season'!A:A, A43, 'S3 Regular Season'!I:I) + SUMIF('S3 Regular Season'!K:K, A43, 'S3 Regular Season'!S:S) -> 0 | D43: =SUMIF(S3_Game_Stats[Name], A43, S3_Game_Stats[Games]) - SUMIF(S3_Game_Stats[Name], A43, S3_Game_Stats[Wins]) -> 0 | E43: =IFERROR(SUMIF(S3_Game_Stats[Name], A43, S3_Game_Stats[Wins]) / SUMIF(S3_Game_Stats[Name], A43, S3_Game_Stats[Games]),"") | F43: =IFERROR(SUMIF(S3_Game_Stats[Name], A43, S3_Game_Stats[Rounds Won]) / SUMIF(S3_Game_Stats[Name], A43, S3_Game_Stats[Rounds Played]),"") | G43: =SUMIF('S3 Regular Season'!A:A, A43, 'S3 Regular Season'!H:H) + SUMIF('S3 Regular Season'!K:K, A43, 'S3 Regular Season'!R:R) -> 0 | H43: =SUMIF(S3_Game_Stats[Name], A43, S3_Game_Stats[Rounds Played]) - SUMIF(S3_Game_Stats[Name], A43, S3_Game_Stats[Rounds Won]) -> 0 | I43: =SUMIF('S3 Regular Season'!A:A, A43, 'S3 Regular Season'!G:G) + SUMIF('S3 Regular Season'!K:K, A43, 'S3 Regular Season'!Q:Q) -> 0 | K43: Play-in | L43: 10 | M43: Sean
A44: Steve | B44: =COUNTIFS('S3 Regular Season'!A:A, A44, 'S3 Regular Season'!I:I, "<>") + COUNTIFS('S3 Regular Season'!K:K, A44, 'S3 Regular Season'!S:S, "<>") -> 0 | C44: =SUMIF('S3 Regular Season'!A:A, A44, 'S3 Regular Season'!I:I) + SUMIF('S3 Regular Season'!K:K, A44, 'S3 Regular Season'!S:S) -> 0 | D44: =SUMIF(S3_Game_Stats[Name], A44, S3_Game_Stats[Games]) - SUMIF(S3_Game_Stats[Name], A44, S3_Game_Stats[Wins]) -> 0 | E44: =IFERROR(SUMIF(S3_Game_Stats[Name], A44, S3_Game_Stats[Wins]) / SUMIF(S3_Game_Stats[Name], A44, S3_Game_Stats[Games]),"") | F44: =IFERROR(SUMIF(S3_Game_Stats[Name], A44, S3_Game_Stats[Rounds Won]) / SUMIF(S3_Game_Stats[Name], A44, S3_Game_Stats[Rounds Played]),"") | G44: =SUMIF('S3 Regular Season'!A:A, A44, 'S3 Regular Season'!H:H) + SUMIF('S3 Regular Season'!K:K, A44, 'S3 Regular Season'!R:R) -> 0 | H44: =SUMIF(S3_Game_Stats[Name], A44, S3_Game_Stats[Rounds Played]) - SUMIF(S3_Game_Stats[Name], A44, S3_Game_Stats[Rounds Won]) -> 0 | I44: =SUMIF('S3 Regular Season'!A:A, A44, 'S3 Regular Season'!G:G) + SUMIF('S3 Regular Season'!K:K, A44, 'S3 Regular Season'!Q:Q) -> 0 | L44: 11 | M44: Steve
A45: Tim | B45: =COUNTIFS('S3 Regular Season'!A:A, A45, 'S3 Regular Season'!I:I, "<>") + COUNTIFS('S3 Regular Season'!K:K, A45, 'S3 Regular Season'!S:S, "<>") -> 0 | C45: =SUMIF('S3 Regular Season'!A:A, A45, 'S3 Regular Season'!I:I) + SUMIF('S3 Regular Season'!K:K, A45, 'S3 Regular Season'!S:S) -> 0 | D45: =SUMIF(S3_Game_Stats[Name], A45, S3_Game_Stats[Games]) - SUMIF(S3_Game_Stats[Name], A45, S3_Game_Stats[Wins]) -> 0 | E45: =IFERROR(SUMIF(S3_Game_Stats[Name], A45, S3_Game_Stats[Wins]) / SUMIF(S3_Game_Stats[Name], A45, S3_Game_Stats[Games]),"") | F45: =IFERROR(SUMIF(S3_Game_Stats[Name], A45, S3_Game_Stats[Rounds Won]) / SUMIF(S3_Game_Stats[Name], A45, S3_Game_Stats[Rounds Played]),"") | G45: =SUMIF('S3 Regular Season'!A:A, A45, 'S3 Regular Season'!H:H) + SUMIF('S3 Regular Season'!K:K, A45, 'S3 Regular Season'!R:R) -> 0 | H45: =SUMIF(S3_Game_Stats[Name], A45, S3_Game_Stats[Rounds Played]) - SUMIF(S3_Game_Stats[Name], A45, S3_Game_Stats[Rounds Won]) -> 0 | I45: =SUMIF('S3 Regular Season'!A:A, A45, 'S3 Regular Season'!G:G) + SUMIF('S3 Regular Season'!K:K, A45, 'S3 Regular Season'!Q:Q) -> 0 | L45: 12 | M45: Tim
A46: Zach | B46: =COUNTIFS('S3 Regular Season'!A:A, A46, 'S3 Regular Season'!I:I, "<>") + COUNTIFS('S3 Regular Season'!K:K, A46, 'S3 Regular Season'!S:S, "<>") -> 0 | C46: =SUMIF('S3 Regular Season'!A:A, A46, 'S3 Regular Season'!I:I) + SUMIF('S3 Regular Season'!K:K, A46, 'S3 Regular Season'!S:S) -> 0 | D46: =SUMIF(S3_Game_Stats[Name], A46, S3_Game_Stats[Games]) - SUMIF(S3_Game_Stats[Name], A46, S3_Game_Stats[Wins]) -> 0 | E46: =IFERROR(SUMIF(S3_Game_Stats[Name], A46, S3_Game_Stats[Wins]) / SUMIF(S3_Game_Stats[Name], A46, S3_Game_Stats[Games]),"") | F46: =IFERROR(SUMIF(S3_Game_Stats[Name], A46, S3_Game_Stats[Rounds Won]) / SUMIF(S3_Game_Stats[Name], A46, S3_Game_Stats[Rounds Played]),"") | G46: =SUMIF('S3 Regular Season'!A:A, A46, 'S3 Regular Season'!H:H) + SUMIF('S3 Regular Season'!K:K, A46, 'S3 Regular Season'!R:R) -> 0 | H46: =SUMIF(S3_Game_Stats[Name], A46, S3_Game_Stats[Rounds Played]) - SUMIF(S3_Game_Stats[Name], A46, S3_Game_Stats[Rounds Won]) -> 0 | I46: =SUMIF('S3 Regular Season'!A:A, A46, 'S3 Regular Season'!G:G) + SUMIF('S3 Regular Season'!K:K, A46, 'S3 Regular Season'!Q:Q) -> 0 | L46: 13 | M46: Zach
A50: Name | B50: Kill Diff/Game | C50: Dmg/Game | D50: Round Diff/Game | E50: Rounds/Game | F50: Rounds Won/Game | G50: Rounds Lost/Game | H50: Kills/Game | I50: Assists/Game | J50: Deaths/Game
A51: Adam | B51: =IFERROR(SUMIF(S3_Stats[4], A51, S3_Stats[Kill Diff.]) / SUMIF(S3_Game_Stats[Name], A51, S3_Game_Stats[Games]),"") | C51: =IFERROR(SUMIF(S3_Stats[4], A51, S3_Stats[Total Damage]) / SUMIF(S3_Game_Stats[Name], A51, S3_Game_Stats[Games]),"") | D51: =IFERROR(SUMIF(S3_Game_Stats[Name], A51, S3_Game_Stats[Rounds Won]) / SUMIF(S3_Game_Stats[Name], A51, S3_Game_Stats[Games]), 0) - IFERROR(SUMIF(S3_Game_Stats[Name], A51, S3_Game_Stats[Rounds Lost]) / SUMIF(S3_Game_Stats[Name], A51, S3_Game_Stats[Games]), 0) -> 0 | E51: =IFERROR(SUMIF(S3_Game_Stats[Name], A51, S3_Game_Stats[Rounds Played]) / SUMIF(S3_Game_Stats[Name], A51, S3_Game_Stats[Games]),"") | F51: =IFERROR(SUMIF(S3_Game_Stats[Name], A51, S3_Game_Stats[Rounds Won]) / SUMIF(S3_Game_Stats[Name], A51, S3_Game_Stats[Games]),"") | G51: =IFERROR(SUMIF(S3_Game_Stats[Name], A51, S3_Game_Stats[Rounds Lost]) / SUMIF(S3_Game_Stats[Name], A51, S3_Game_Stats[Games]),"") | H51: =IFERROR(SUMIF(S3_Stats[4], A51, S3_Stats[Kills]) / SUMIF(S3_Game_Stats[Name], A51, S3_Game_Stats[Games]),"") | I51: =IFERROR(SUMIF(S3_Stats[4], A51, S3_Stats[Assists]) / SUMIF(S3_Game_Stats[Name], A51, S3_Game_Stats[Games]),"") | J51: =IFERROR(SUMIF(S3_Stats[4], A51, S3_Stats[Deaths]) / SUMIF(S3_Game_Stats[Name], A51, S3_Game_Stats[Games]),"")
A52: Andrew | B52: =IFERROR(SUMIF(S3_Stats[4], A52, S3_Stats[Kill Diff.]) / SUMIF(S3_Game_Stats[Name], A52, S3_Game_Stats[Games]),"") | C52: =IFERROR(SUMIF(S3_Stats[4], A52, S3_Stats[Total Damage]) / SUMIF(S3_Game_Stats[Name], A52, S3_Game_Stats[Games]),"") | D52: =IFERROR(SUMIF(S3_Game_Stats[Name], A52, S3_Game_Stats[Rounds Won]) / SUMIF(S3_Game_Stats[Name], A52, S3_Game_Stats[Games]), 0) - IFERROR(SUMIF(S3_Game_Stats[Name], A52, S3_Game_Stats[Rounds Lost]) / SUMIF(S3_Game_Stats[Name], A52, S3_Game_Stats[Games]), 0) -> 0 | E52: =IFERROR(SUMIF(S3_Game_Stats[Name], A52, S3_Game_Stats[Rounds Played]) / SUMIF(S3_Game_Stats[Name], A52, S3_Game_Stats[Games]),"") | F52: =IFERROR(SUMIF(S3_Game_Stats[Name], A52, S3_Game_Stats[Rounds Won]) / SUMIF(S3_Game_Stats[Name], A52, S3_Game_Stats[Games]),"") | G52: =IFERROR(SUMIF(S3_Game_Stats[Name], A52, S3_Game_Stats[Rounds Lost]) / SUMIF(S3_Game_Stats[Name], A52, S3_Game_Stats[Games]),"") | H52: =IFERROR(SUMIF(S3_Stats[4], A52, S3_Stats[Kills]) / SUMIF(S3_Game_Stats[Name], A52, S3_Game_Stats[Games]),"") | I52: =IFERROR(SUMIF(S3_Stats[4], A52, S3_Stats[Assists]) / SUMIF(S3_Game_Stats[Name], A52, S3_Game_Stats[Games]),"") | J52: =IFERROR(SUMIF(S3_Stats[4], A52, S3_Stats[Deaths]) / SUMIF(S3_Game_Stats[Name], A52, S3_Game_Stats[Games]),"")
A53: Brian | B53: =IFERROR(SUMIF(S3_Stats[4], A53, S3_Stats[Kill Diff.]) / SUMIF(S3_Game_Stats[Name], A53, S3_Game_Stats[Games]),"") | C53: =IFERROR(SUMIF(S3_Stats[4], A53, S3_Stats[Total Damage]) / SUMIF(S3_Game_Stats[Name], A53, S3_Game_Stats[Games]),"") | D53: =IFERROR(SUMIF(S3_Game_Stats[Name], A53, S3_Game_Stats[Rounds Won]) / SUMIF(S3_Game_Stats[Name], A53, S3_Game_Stats[Games]), 0) - IFERROR(SUMIF(S3_Game_Stats[Name], A53, S3_Game_Stats[Rounds Lost]) / SUMIF(S3_Game_Stats[Name], A53, S3_Game_Stats[Games]), 0) -> 0 | E53: =IFERROR(SUMIF(S3_Game_Stats[Name], A53, S3_Game_Stats[Rounds Played]) / SUMIF(S3_Game_Stats[Name], A53, S3_Game_Stats[Games]),"") | F53: =IFERROR(SUMIF(S3_Game_Stats[Name], A53, S3_Game_Stats[Rounds Won]) / SUMIF(S3_Game_Stats[Name], A53, S3_Game_Stats[Games]),"") | G53: =IFERROR(SUMIF(S3_Game_Stats[Name], A53, S3_Game_Stats[Rounds Lost]) / SUMIF(S3_Game_Stats[Name], A53, S3_Game_Stats[Games]),"") | H53: =IFERROR(SUMIF(S3_Stats[4], A53, S3_Stats[Kills]) / SUMIF(S3_Game_Stats[Name], A53, S3_Game_Stats[Games]),"") | I53: =IFERROR(SUMIF(S3_Stats[4], A53, S3_Stats[Assists]) / SUMIF(S3_Game_Stats[Name], A53, S3_Game_Stats[Games]),"") | J53: =IFERROR(SUMIF(S3_Stats[4], A53, S3_Stats[Deaths]) / SUMIF(S3_Game_Stats[Name], A53, S3_Game_Stats[Games]),"")
A54: Dan | B54: =IFERROR(SUMIF(S3_Stats[4], A54, S3_Stats[Kill Diff.]) / SUMIF(S3_Game_Stats[Name], A54, S3_Game_Stats[Games]),"") | C54: =IFERROR(SUMIF(S3_Stats[4], A54, S3_Stats[Total Damage]) / SUMIF(S3_Game_Stats[Name], A54, S3_Game_Stats[Games]),"") | D54: =IFERROR(SUMIF(S3_Game_Stats[Name], A54, S3_Game_Stats[Rounds Won]) / SUMIF(S3_Game_Stats[Name], A54, S3_Game_Stats[Games]), 0) - IFERROR(SUMIF(S3_Game_Stats[Name], A54, S3_Game_Stats[Rounds Lost]) / SUMIF(S3_Game_Stats[Name], A54, S3_Game_Stats[Games]), 0) -> 0 | E54: =IFERROR(SUMIF(S3_Game_Stats[Name], A54, S3_Game_Stats[Rounds Played]) / SUMIF(S3_Game_Stats[Name], A54, S3_Game_Stats[Games]),"") | F54: =IFERROR(SUMIF(S3_Game_Stats[Name], A54, S3_Game_Stats[Rounds Won]) / SUMIF(S3_Game_Stats[Name], A54, S3_Game_Stats[Games]),"") | G54: =IFERROR(SUMIF(S3_Game_Stats[Name], A54, S3_Game_Stats[Rounds Lost]) / SUMIF(S3_Game_Stats[Name], A54, S3_Game_Stats[Games]),"") | H54: =IFERROR(SUMIF(S3_Stats[4], A54, S3_Stats[Kills]) / SUMIF(S3_Game_Stats[Name], A54, S3_Game_Stats[Games]),"") | I54: =IFERROR(SUMIF(S3_Stats[4], A54, S3_Stats[Assists]) / SUMIF(S3_Game_Stats[Name], A54, S3_Game_Stats[Games]),"") | J54: =IFERROR(SUMIF(S3_Stats[4], A54, S3_Stats[Deaths]) / SUMIF(S3_Game_Stats[Name], A54, S3_Game_Stats[Games]),"")
A55: Emanuel | B55: =IFERROR(SUMIF(S3_Stats[4], A55, S3_Stats[Kill Diff.]) / SUMIF(S3_Game_Stats[Name], A55, S3_Game_Stats[Games]),"") | C55: =IFERROR(SUMIF(S3_Stats[4], A55, S3_Stats[Total Damage]) / SUMIF(S3_Game_Stats[Name], A55, S3_Game_Stats[Games]),"") | D55: =IFERROR(SUMIF(S3_Game_Stats[Name], A55, S3_Game_Stats[Rounds Won]) / SUMIF(S3_Game_Stats[Name], A55, S3_Game_Stats[Games]), 0) - IFERROR(SUMIF(S3_Game_Stats[Name], A55, S3_Game_Stats[Rounds Lost]) / SUMIF(S3_Game_Stats[Name], A55, S3_Game_Stats[Games]), 0) -> 0 | E55: =IFERROR(SUMIF(S3_Game_Stats[Name], A55, S3_Game_Stats[Rounds Played]) / SUMIF(S3_Game_Stats[Name], A55, S3_Game_Stats[Games]),"") | F55: =IFERROR(SUMIF(S3_Game_Stats[Name], A55, S3_Game_Stats[Rounds Won]) / SUMIF(S3_Game_Stats[Name], A55, S3_Game_Stats[Games]),"") | G55: =IFERROR(SUMIF(S3_Game_Stats[Name], A55, S3_Game_Stats[Rounds Lost]) / SUMIF(S3_Game_Stats[Name], A55, S3_Game_Stats[Games]),"") | H55: =IFERROR(SUMIF(S3_Stats[4], A55, S3_Stats[Kills]) / SUMIF(S3_Game_Stats[Name], A55, S3_Game_Stats[Games]),"") | I55: =IFERROR(SUMIF(S3_Stats[4], A55, S3_Stats[Assists]) / SUMIF(S3_Game_Stats[Name], A55, S3_Game_Stats[Games]),"") | J55: =IFERROR(SUMIF(S3_Stats[4], A55, S3_Stats[Deaths]) / SUMIF(S3_Game_Stats[Name], A55, S3_Game_Stats[Games]),"")
A56: Eric | B56: =IFERROR(SUMIF(S3_Stats[4], A56, S3_Stats[Kill Diff.]) / SUMIF(S3_Game_Stats[Name], A56, S3_Game_Stats[Games]),"") | C56: =IFERROR(SUMIF(S3_Stats[4], A56, S3_Stats[Total Damage]) / SUMIF(S3_Game_Stats[Name], A56, S3_Game_Stats[Games]),"") | D56: =IFERROR(SUMIF(S3_Game_Stats[Name], A56, S3_Game_Stats[Rounds Won]) / SUMIF(S3_Game_Stats[Name], A56, S3_Game_Stats[Games]), 0) - IFERROR(SUMIF(S3_Game_Stats[Name], A56, S3_Game_Stats[Rounds Lost]) / SUMIF(S3_Game_Stats[Name], A56, S3_Game_Stats[Games]), 0) -> 0 | E56: =IFERROR(SUMIF(S3_Game_Stats[Name], A56, S3_Game_Stats[Rounds Played]) / SUMIF(S3_Game_Stats[Name], A56, S3_Game_Stats[Games]),"") | F56: =IFERROR(SUMIF(S3_Game_Stats[Name], A56, S3_Game_Stats[Rounds Won]) / SUMIF(S3_Game_Stats[Name], A56, S3_Game_Stats[Games]),"") | G56: =IFERROR(SUMIF(S3_Game_Stats[Name], A56, S3_Game_Stats[Rounds Lost]) / SUMIF(S3_Game_Stats[Name], A56, S3_Game_Stats[Games]),"") | H56: =IFERROR(SUMIF(S3_Stats[4], A56, S3_Stats[Kills]) / SUMIF(S3_Game_Stats[Name], A56, S3_Game_Stats[Games]),"") | I56: =IFERROR(SUMIF(S3_Stats[4], A56, S3_Stats[Assists]) / SUMIF(S3_Game_Stats[Name], A56, S3_Game_Stats[Games]),"") | J56: =IFERROR(SUMIF(S3_Stats[4], A56, S3_Stats[Deaths]) / SUMIF(S3_Game_Stats[Name], A56, S3_Game_Stats[Games]),"")
A57: Fred | B57: =IFERROR(SUMIF(S3_Stats[4], A57, S3_Stats[Kill Diff.]) / SUMIF(S3_Game_Stats[Name], A57, S3_Game_Stats[Games]),"") | C57: =IFERROR(SUMIF(S3_Stats[4], A57, S3_Stats[Total Damage]) / SUMIF(S3_Game_Stats[Name], A57, S3_Game_Stats[Games]),"") | D57: =IFERROR(SUMIF(S3_Game_Stats[Name], A57, S3_Game_Stats[Rounds Won]) / SUMIF(S3_Game_Stats[Name], A57, S3_Game_Stats[Games]), 0) - IFERROR(SUMIF(S3_Game_Stats[Name], A57, S3_Game_Stats[Rounds Lost]) / SUMIF(S3_Game_Stats[Name], A57, S3_Game_Stats[Games]), 0) -> 0 | E57: =IFERROR(SUMIF(S3_Game_Stats[Name], A57, S3_Game_Stats[Rounds Played]) / SUMIF(S3_Game_Stats[Name], A57, S3_Game_Stats[Games]),"") | F57: =IFERROR(SUMIF(S3_Game_Stats[Name], A57, S3_Game_Stats[Rounds Won]) / SUMIF(S3_Game_Stats[Name], A57, S3_Game_Stats[Games]),"") | G57: =IFERROR(SUMIF(S3_Game_Stats[Name], A57, S3_Game_Stats[Rounds Lost]) / SUMIF(S3_Game_Stats[Name], A57, S3_Game_Stats[Games]),"") | H57: =IFERROR(SUMIF(S3_Stats[4], A57, S3_Stats[Kills]) / SUMIF(S3_Game_Stats[Name], A57, S3_Game_Stats[Games]),"") | I57: =IFERROR(SUMIF(S3_Stats[4], A57, S3_Stats[Assists]) / SUMIF(S3_Game_Stats[Name], A57, S3_Game_Stats[Games]),"") | J57: =IFERROR(SUMIF(S3_Stats[4], A57, S3_Stats[Deaths]) / SUMIF(S3_Game_Stats[Name], A57, S3_Game_Stats[Games]),"")
A58: Kevin | B58: =IFERROR(SUMIF(S3_Stats[4], A58, S3_Stats[Kill Diff.]) / SUMIF(S3_Game_Stats[Name], A58, S3_Game_Stats[Games]),"") | C58: =IFERROR(SUMIF(S3_Stats[4], A58, S3_Stats[Total Damage]) / SUMIF(S3_Game_Stats[Name], A58, S3_Game_Stats[Games]),"") | D58: =IFERROR(SUMIF(S3_Game_Stats[Name], A58, S3_Game_Stats[Rounds Won]) / SUMIF(S3_Game_Stats[Name], A58, S3_Game_Stats[Games]), 0) - IFERROR(SUMIF(S3_Game_Stats[Name], A58, S3_Game_Stats[Rounds Lost]) / SUMIF(S3_Game_Stats[Name], A58, S3_Game_Stats[Games]), 0) -> 0 | E58: =IFERROR(SUMIF(S3_Game_Stats[Name], A58, S3_Game_Stats[Rounds Played]) / SUMIF(S3_Game_Stats[Name], A58, S3_Game_Stats[Games]),"") | F58: =IFERROR(SUMIF(S3_Game_Stats[Name], A58, S3_Game_Stats[Rounds Won]) / SUMIF(S3_Game_Stats[Name], A58, S3_Game_Stats[Games]),"") | G58: =IFERROR(SUMIF(S3_Game_Stats[Name], A58, S3_Game_Stats[Rounds Lost]) / SUMIF(S3_Game_Stats[Name], A58, S3_Game_Stats[Games]),"") | H58: =IFERROR(SUMIF(S3_Stats[4], A58, S3_Stats[Kills]) / SUMIF(S3_Game_Stats[Name], A58, S3_Game_Stats[Games]),"") | I58: =IFERROR(SUMIF(S3_Stats[4], A58, S3_Stats[Assists]) / SUMIF(S3_Game_Stats[Name], A58, S3_Game_Stats[Games]),"") | J58: =IFERROR(SUMIF(S3_Stats[4], A58, S3_Stats[Deaths]) / SUMIF(S3_Game_Stats[Name], A58, S3_Game_Stats[Games]),"")
A59: Michael | B59: =IFERROR(SUMIF(S3_Stats[4], A59, S3_Stats[Kill Diff.]) / SUMIF(S3_Game_Stats[Name], A59, S3_Game_Stats[Games]),"") | C59: =IFERROR(SUMIF(S3_Stats[4], A59, S3_Stats[Total Damage]) / SUMIF(S3_Game_Stats[Name], A59, S3_Game_Stats[Games]),"") | D59: =IFERROR(SUMIF(S3_Game_Stats[Name], A59, S3_Game_Stats[Rounds Won]) / SUMIF(S3_Game_Stats[Name], A59, S3_Game_Stats[Games]), 0) - IFERROR(SUMIF(S3_Game_Stats[Name], A59, S3_Game_Stats[Rounds Lost]) / SUMIF(S3_Game_Stats[Name], A59, S3_Game_Stats[Games]), 0) -> 0 | E59: =IFERROR(SUMIF(S3_Game_Stats[Name], A59, S3_Game_Stats[Rounds Played]) / SUMIF(S3_Game_Stats[Name], A59, S3_Game_Stats[Games]),"") | F59: =IFERROR(SUMIF(S3_Game_Stats[Name], A59, S3_Game_Stats[Rounds Won]) / SUMIF(S3_Game_Stats[Name], A59, S3_Game_Stats[Games]),"") | G59: =IFERROR(SUMIF(S3_Game_Stats[Name], A59, S3_Game_Stats[Rounds Lost]) / SUMIF(S3_Game_Stats[Name], A59, S3_Game_Stats[Games]),"") | H59: =IFERROR(SUMIF(S3_Stats[4], A59, S3_Stats[Kills]) / SUMIF(S3_Game_Stats[Name], A59, S3_Game_Stats[Games]),"") | I59: =IFERROR(SUMIF(S3_Stats[4], A59, S3_Stats[Assists]) / SUMIF(S3_Game_Stats[Name], A59, S3_Game_Stats[Games]),"") | J59: =IFERROR(SUMIF(S3_Stats[4], A59, S3_Stats[Deaths]) / SUMIF(S3_Game_Stats[Name], A59, S3_Game_Stats[Games]),"")
A60: Sean | B60: =IFERROR(SUMIF(S3_Stats[4], A60, S3_Stats[Kill Diff.]) / SUMIF(S3_Game_Stats[Name], A60, S3_Game_Stats[Games]),"") | C60: =IFERROR(SUMIF(S3_Stats[4], A60, S3_Stats[Total Damage]) / SUMIF(S3_Game_Stats[Name], A60, S3_Game_Stats[Games]),"") | D60: =IFERROR(SUMIF(S3_Game_Stats[Name], A60, S3_Game_Stats[Rounds Won]) / SUMIF(S3_Game_Stats[Name], A60, S3_Game_Stats[Games]), 0) - IFERROR(SUMIF(S3_Game_Stats[Name], A60, S3_Game_Stats[Rounds Lost]) / SUMIF(S3_Game_Stats[Name], A60, S3_Game_Stats[Games]), 0) -> 0 | E60: =IFERROR(SUMIF(S3_Game_Stats[Name], A60, S3_Game_Stats[Rounds Played]) / SUMIF(S3_Game_Stats[Name], A60, S3_Game_Stats[Games]),"") | F60: =IFERROR(SUMIF(S3_Game_Stats[Name], A60, S3_Game_Stats[Rounds Won]) / SUMIF(S3_Game_Stats[Name], A60, S3_Game_Stats[Games]),"") | G60: =IFERROR(SUMIF(S3_Game_Stats[Name], A60, S3_Game_Stats[Rounds Lost]) / SUMIF(S3_Game_Stats[Name], A60, S3_Game_Stats[Games]),"") | H60: =IFERROR(SUMIF(S3_Stats[4], A60, S3_Stats[Kills]) / SUMIF(S3_Game_Stats[Name], A60, S3_Game_Stats[Games]),"") | I60: =IFERROR(SUMIF(S3_Stats[4], A60, S3_Stats[Assists]) / SUMIF(S3_Game_Stats[Name], A60, S3_Game_Stats[Games]),"") | J60: =IFERROR(SUMIF(S3_Stats[4], A60, S3_Stats[Deaths]) / SUMIF(S3_Game_Stats[Name], A60, S3_Game_Stats[Games]),"")
A61: Steve | B61: =IFERROR(SUMIF(S3_Stats[4], A61, S3_Stats[Kill Diff.]) / SUMIF(S3_Game_Stats[Name], A61, S3_Game_Stats[Games]),"") | C61: =IFERROR(SUMIF(S3_Stats[4], A61, S3_Stats[Total Damage]) / SUMIF(S3_Game_Stats[Name], A61, S3_Game_Stats[Games]),"") | D61: =IFERROR(SUMIF(S3_Game_Stats[Name], A61, S3_Game_Stats[Rounds Won]) / SUMIF(S3_Game_Stats[Name], A61, S3_Game_Stats[Games]), 0) - IFERROR(SUMIF(S3_Game_Stats[Name], A61, S3_Game_Stats[Rounds Lost]) / SUMIF(S3_Game_Stats[Name], A61, S3_Game_Stats[Games]), 0) -> 0 | E61: =IFERROR(SUMIF(S3_Game_Stats[Name], A61, S3_Game_Stats[Rounds Played]) / SUMIF(S3_Game_Stats[Name], A61, S3_Game_Stats[Games]),"") | F61: =IFERROR(SUMIF(S3_Game_Stats[Name], A61, S3_Game_Stats[Rounds Won]) / SUMIF(S3_Game_Stats[Name], A61, S3_Game_Stats[Games]),"") | G61: =IFERROR(SUMIF(S3_Game_Stats[Name], A61, S3_Game_Stats[Rounds Lost]) / SUMIF(S3_Game_Stats[Name], A61, S3_Game_Stats[Games]),"") | H61: =IFERROR(SUMIF(S3_Stats[4], A61, S3_Stats[Kills]) / SUMIF(S3_Game_Stats[Name], A61, S3_Game_Stats[Games]),"") | I61: =IFERROR(SUMIF(S3_Stats[4], A61, S3_Stats[Assists]) / SUMIF(S3_Game_Stats[Name], A61, S3_Game_Stats[Games]),"") | J61: =IFERROR(SUMIF(S3_Stats[4], A61, S3_Stats[Deaths]) / SUMIF(S3_Game_Stats[Name], A61, S3_Game_Stats[Games]),"")
A62: Tim | B62: =IFERROR(SUMIF(S3_Stats[4], A62, S3_Stats[Kill Diff.]) / SUMIF(S3_Game_Stats[Name], A62, S3_Game_Stats[Games]),"") | C62: =IFERROR(SUMIF(S3_Stats[4], A62, S3_Stats[Total Damage]) / SUMIF(S3_Game_Stats[Name], A62, S3_Game_Stats[Games]),"") | D62: =IFERROR(SUMIF(S3_Game_Stats[Name], A62, S3_Game_Stats[Rounds Won]) / SUMIF(S3_Game_Stats[Name], A62, S3_Game_Stats[Games]), 0) - IFERROR(SUMIF(S3_Game_Stats[Name], A62, S3_Game_Stats[Rounds Lost]) / SUMIF(S3_Game_Stats[Name], A62, S3_Game_Stats[Games]), 0) -> 0 | E62: =IFERROR(SUMIF(S3_Game_Stats[Name], A62, S3_Game_Stats[Rounds Played]) / SUMIF(S3_Game_Stats[Name], A62, S3_Game_Stats[Games]),"") | F62: =IFERROR(SUMIF(S3_Game_Stats[Name], A62, S3_Game_Stats[Rounds Won]) / SUMIF(S3_Game_Stats[Name], A62, S3_Game_Stats[Games]),"") | G62: =IFERROR(SUMIF(S3_Game_Stats[Name], A62, S3_Game_Stats[Rounds Lost]) / SUMIF(S3_Game_Stats[Name], A62, S3_Game_Stats[Games]),"") | H62: =IFERROR(SUMIF(S3_Stats[4], A62, S3_Stats[Kills]) / SUMIF(S3_Game_Stats[Name], A62, S3_Game_Stats[Games]),"") | I62: =IFERROR(SUMIF(S3_Stats[4], A62, S3_Stats[Assists]) / SUMIF(S3_Game_Stats[Name], A62, S3_Game_Stats[Games]),"") | J62: =IFERROR(SUMIF(S3_Stats[4], A62, S3_Stats[Deaths]) / SUMIF(S3_Game_Stats[Name], A62, S3_Game_Stats[Games]),"")
A63: Zach | B63: =IFERROR(SUMIF(S3_Stats[4], A63, S3_Stats[Kill Diff.]) / SUMIF(S3_Game_Stats[Name], A63, S3_Game_Stats[Games]),"") | C63: =IFERROR(SUMIF(S3_Stats[4], A63, S3_Stats[Total Damage]) / SUMIF(S3_Game_Stats[Name], A63, S3_Game_Stats[Games]),"") | D63: =IFERROR(SUMIF(S3_Game_Stats[Name], A63, S3_Game_Stats[Rounds Won]) / SUMIF(S3_Game_Stats[Name], A63, S3_Game_Stats[Games]), 0) - IFERROR(SUMIF(S3_Game_Stats[Name], A63, S3_Game_Stats[Rounds Lost]) / SUMIF(S3_Game_Stats[Name], A63, S3_Game_Stats[Games]), 0) -> 0 | E63: =IFERROR(SUMIF(S3_Game_Stats[Name], A63, S3_Game_Stats[Rounds Played]) / SUMIF(S3_Game_Stats[Name], A63, S3_Game_Stats[Games]),"") | F63: =IFERROR(SUMIF(S3_Game_Stats[Name], A63, S3_Game_Stats[Rounds Won]) / SUMIF(S3_Game_Stats[Name], A63, S3_Game_Stats[Games]),"") | G63: =IFERROR(SUMIF(S3_Game_Stats[Name], A63, S3_Game_Stats[Rounds Lost]) / SUMIF(S3_Game_Stats[Name], A63, S3_Game_Stats[Games]),"") | H63: =IFERROR(SUMIF(S3_Stats[4], A63, S3_Stats[Kills]) / SUMIF(S3_Game_Stats[Name], A63, S3_Game_Stats[Games]),"") | I63: =IFERROR(SUMIF(S3_Stats[4], A63, S3_Stats[Assists]) / SUMIF(S3_Game_Stats[Name], A63, S3_Game_Stats[Games]),"") | J63: =IFERROR(SUMIF(S3_Stats[4], A63, S3_Stats[Deaths]) / SUMIF(S3_Game_Stats[Name], A63, S3_Game_Stats[Games]),"")
A66: Map | B66: Pick | C66: Ban | D66: Not Picked | E66: CT Picked | F66: T Picked | G66: Picked & Won | I66: Side | J66: Picked | K66: Wins/pick | L66: Loss/Pick
A67: Drawbridge | B67: =COUNTIF('S3 Regular Season'!X:X, A67) -> 0 | C67: =COUNTIF('S3 Regular Season'!U:W, A67) -> 0 | D67: =MINUS(J$70, SUM(B67, C67)) -> 0 | E67: =COUNTIFS('S3 Regular Season'!Y:Y, "CT", 'S3 Regular Season'!X:X, A67) -> 0 | F67: =COUNTIFS('S3 Regular Season'!Y:Y, "T", 'S3 Regular Season'!X:X, A67) -> 0 | G67: =COUNTIFS('S3 Regular Season'!X:X, A67, 'S3 Regular Season'!I:I, 1) -> 0 | I67: CT | J67: =SUM(Map_Pick_Bans[CT Picked]) -> 0 | K67: =COUNTIFS('S3 Regular Season'!Y:Y, I67, 'S3 Regular Season'!S:S, "=1") -> 0 | L67: =COUNTIFS('S3 Regular Season'!Y:Y, I67, 'S3 Regular Season'!S:S, "=0") -> 0
A68: Memento | B68: =COUNTIF('S3 Regular Season'!X:X, A68) -> 0 | C68: =COUNTIF('S3 Regular Season'!U:W, A68) -> 0 | D68: =MINUS(J$70, SUM(B68, C68)) -> 0 | E68: =COUNTIFS('S3 Regular Season'!Y:Y, "CT", 'S3 Regular Season'!X:X, A68) -> 0 | F68: =COUNTIFS('S3 Regular Season'!Y:Y, "T", 'S3 Regular Season'!X:X, A68) -> 0 | G68: =COUNTIFS('S3 Regular Season'!X:X, A68, 'S3 Regular Season'!I:I, 1) -> 0 | I68: T | J68: =SUM(Map_Pick_Bans[T Picked]) -> 0 | K68: =COUNTIFS('S3 Regular Season'!Y:Y, I68, 'S3 Regular Season'!S:S, "=1") -> 0 | L68: =COUNTIFS('S3 Regular Season'!Y:Y, I68, 'S3 Regular Season'!S:S, "=0") -> 0
A69: Debris | B69: =COUNTIF('S3 Regular Season'!X:X, A69) -> 0 | C69: =COUNTIF('S3 Regular Season'!U:W, A69) -> 0 | D69: =MINUS(J$70, SUM(B69, C69)) -> 0 | E69: =COUNTIFS('S3 Regular Season'!Y:Y, "CT", 'S3 Regular Season'!X:X, A69) -> 0 | F69: =COUNTIFS('S3 Regular Season'!Y:Y, "T", 'S3 Regular Season'!X:X, A69) -> 0 | G69: =COUNTIFS('S3 Regular Season'!X:X, A69, 'S3 Regular Season'!I:I, 1) -> 0
A70: Splat | B70: =COUNTIF('S3 Regular Season'!X:X, A70) -> 0 | C70: =COUNTIF('S3 Regular Season'!U:W, A70) -> 0 | D70: =MINUS(J$70, SUM(B70, C70)) -> 0 | E70: =COUNTIFS('S3 Regular Season'!Y:Y, "CT", 'S3 Regular Season'!X:X, A70) -> 0 | F70: =COUNTIFS('S3 Regular Season'!Y:Y, "T", 'S3 Regular Season'!X:X, A70) -> 0 | G70: =COUNTIFS('S3 Regular Season'!X:X, A70, 'S3 Regular Season'!I:I, 1) -> 0 | I70: Games played: | J70: =SUM(Map_Pick_Bans[Pick]) -> 0 | K70: /18
A71: Rooftop | B71: =COUNTIF('S3 Regular Season'!X:X, A71) -> 0 | C71: =COUNTIF('S3 Regular Season'!U:W, A71) -> 0 | D71: =MINUS(J$70, SUM(B71, C71)) -> 0 | E71: =COUNTIFS('S3 Regular Season'!Y:Y, "CT", 'S3 Regular Season'!X:X, A71) -> 0 | F71: =COUNTIFS('S3 Regular Season'!Y:Y, "T", 'S3 Regular Season'!X:X, A71) -> 0 | G71: =COUNTIFS('S3 Regular Season'!X:X, A71, 'S3 Regular Season'!I:I, 1) -> 0

Sheet S3 Regular Season
J1: Week 1 | M1: BYE | O1: Kevin | T1: Week 1
A2: 4 | D2: GAME OF THE WEEK | J2: Final Score
V3: REMEMBER TO SCREENSHOT THE FINAL SCOREBOARD
A4: Shirts | B4: K | C4: A | D4: D | E4: ADR | F4: DMG | G4: Rounds | H4: Rounds Won | I4: Win | K4: Skins | L4: K | M4: A | N4: D | O4: ADR | P4: DMG | Q4: Rounds | R4: Rounds Won | S4: Win | U4: Shirts Ban | V4: Skins Ban 1 | W4: Skins Ban 2 | X4: Shirts Pick | Y4: Skins Side
A5: Sean | G5: =IFERROR(__xludf.DUMMYFUNCTION("IFERROR(SUM(SPLIT(J3, ""-"")))"),"") | H5: =IFERROR(__xludf.DUMMYFUNCTION("IFERROR(INDEX(SPLIT($J3, ""-""), 0, 1))"),"") | K5: Tim | Q5: =IFERROR(__xludf.DUMMYFUNCTION("IFERROR(SUM(SPLIT(J3, ""-"")))"),"") | R5: =IFERROR(__xludf.DUMMYFUNCTION("IFERROR(INDEX(SPLIT($J3, ""-""), 0, 2))"),"")
A6: Fred | G6: =IFERROR(__xludf.DUMMYFUNCTION("IFERROR(SUM(SPLIT(J3, ""-"")))"),"") | H6: =IFERROR(__xludf.DUMMYFUNCTION("IFERROR(INDEX(SPLIT($J3, ""-""), 0, 1))"),"") | K6: Adam | Q6: =IFERROR(__xludf.DUMMYFUNCTION("IFERROR(SUM(SPLIT(J3, ""-"")))"),"") | R6: =IFERROR(__xludf.DUMMYFUNCTION("IFERROR(INDEX(SPLIT($J3, ""-""), 0, 2))"),"")
A8: 5 | J8: Final Score
V10: REMEMBER TO SCREENSHOT THE FINAL SCOREBOARD
A11: Shirts | B11: K | C11: A | D11: D | E11: ADR | F11: DMG | G11: Rounds | H11: Rounds Won | I11: Column 9 | K11: Skins | L11: K | M11: A | N11: D | O11: ADR | P11: DMG | Q11: Rounds | R11: Rounds Won | S11: Column 9 | U11: Shirts Ban | V11: Skins Ban 1 | W11: Skins Ban 2 | X11: Shirts Pick | Y11: Skins Side
A12: Brian | G12: =IFERROR(__xludf.DUMMYFUNCTION("IFERROR(SUM(SPLIT(J9, ""-"")))"),"") | H12: =IFERROR(__xludf.DUMMYFUNCTION("IFERROR(INDEX(SPLIT($J9, ""-""), 0, 1))"),"") | K12: Dan | Q12: =IFERROR(__xludf.DUMMYFUNCTION("IFERROR(SUM(SPLIT(J9, ""-"")))"),"") | R12: =IFERROR(__xludf.DUMMYFUNCTION("IFERROR(INDEX(SPLIT($J9, ""-""), 0, 2))"),"")
A13: Eric | G13: =IFERROR(__xludf.DUMMYFUNCTION("IFERROR(SUM(SPLIT(J9, ""-"")))"),"") | H13: =IFERROR(__xludf.DUMMYFUNCTION("IFERROR(INDEX(SPLIT($J9, ""-""), 0, 1))"),"") | K13: Michael | Q13: =IFERROR(__xludf.DUMMYFUNCTION("IFERROR(SUM(SPLIT(J9, ""-"")))"),"") | R13: =IFERROR(__xludf.DUMMYFUNCTION("IFERROR(INDEX(SPLIT($J9, ""-""), 0, 2))"),"")
A16: 6 | J16: Final Score
V18: REMEMBER TO SCREENSHOT THE FINAL SCOREBOARD
A19: Shirts | B19: K | C19: A | D19: D | E19: ADR | F19: DMG | G19: Rounds | H19: Rounds Won | I19: Column 9 | K19: Skins | L19: K | M19: A | N19: D | O19: ADR | P19: DMG | Q19: Rounds | R19: Rounds Won | S19: Column 9 | U19: Shirts Ban | V19: Skins Ban 1 | W19: Skins Ban 2 | X19: Shirts Pick | Y19: Skins Side
A20: Zach | G20: =IFERROR(__xludf.DUMMYFUNCTION("IFERROR(SUM(SPLIT(J17, ""-"")))"),"") | H20: =IFERROR(__xludf.DUMMYFUNCTION("IFERROR(INDEX(SPLIT($J17, ""-""), 0, 1))"),"") | K20: Andrew | Q20: =IFERROR(__xludf.DUMMYFUNCTION("IFERROR(SUM(SPLIT(J17, ""-"")))"),"") | R20: =IFERROR(__xludf.DUMMYFUNCTION("IFERROR(INDEX(SPLIT($J17, ""-""), 0, 2))"),"")
A21: Steve | G21: =IFERROR(__xludf.DUMMYFUNCTION("IFERROR(SUM(SPLIT(J17, ""-"")))"),"") | H21: =IFERROR(__xludf.DUMMYFUNCTION("IFERROR(INDEX(SPLIT($J17, ""-""), 0, 1))"),"") | K21: Emanuel | Q21: =IFERROR(__xludf.DUMMYFUNCTION("IFERROR(SUM(SPLIT(J17, ""-"")))"),"") | R21: =IFERROR(__xludf.DUMMYFUNCTION("IFERROR(INDEX(SPLIT($J17, ""-""), 0, 2))"),"")
J23: Week 2 | M23: BYE | O23: Adam | T23: Week 2
A24: 10 | E24: GAME OF THE WEEK | J24: Final Score
V25: REMEMBER TO SCREENSHOT THE FINAL SCOREBOARD
A26: Shirts | B26: K | C26: A | D26: D | E26: ADR | F26: DMG | G26: Rounds | H26: Rounds Won | I26: Win | K26: Skins | L26: K | M26: A | N26: D | O26: ADR | P26: DMG | Q26: Rounds | R26: Rounds Won | S26: Win | U26: Shirts Ban | V26: Skins Ban 1 | W26: Skins Ban 2 | X26: Shirts Pick | Y26: Skins Side
A27: Eric | G27: =IFERROR(__xludf.DUMMYFUNCTION("IFERROR(SUM(SPLIT(J25, ""-"")))"),"") | H27: =IFERROR(__xludf.DUMMYFUNCTION("IFERROR(INDEX(SPLIT($J25, ""-""), 0, 1))"),"") | K27: Zach | Q27: =IFERROR(__xludf.DUMMYFUNCTION("IFERROR(SUM(SPLIT(J25, ""-"")))"),"") | R27: =IFERROR(__xludf.DUMMYFUNCTION("IFERROR(INDEX(SPLIT($J25, ""-""), 0, 2))"),"")
A28: Kevin | G28: =IFERROR(__xludf.DUMMYFUNCTION("IFERROR(SUM(SPLIT(J25, ""-"")))"),"") | H28: =IFERROR(__xludf.DUMMYFUNCTION("IFERROR(INDEX(SPLIT($J25, ""-""), 0, 1))"),"") | K28: Emanuel | Q28: =IFERROR(__xludf.DUMMYFUNCTION("IFERROR(SUM(SPLIT(J25, ""-"")))"),"") | R28: =IFERROR(__xludf.DUMMYFUNCTION("IFERROR(INDEX(SPLIT($J25, ""-""), 0, 2))"),"")
A30: 11 | J30: Final Score
V32: REMEMBER TO SCREENSHOT THE FINAL SCOREBOARD
A33: Shirts | B33: K | C33: A | D33: D | E33: ADR | F33: DMG | G33: Rounds | H33: Rounds Won | I33: Column 9 | K33: Skins | L33: K | M33: A | N33: D | O33: ADR | P33: DMG | Q33: Rounds | R33: Rounds Won | S33: Column 9 | U33: Shirts Ban | V33: Skins Ban 1 | W33: Skins Ban 2 | X33: Shirts Pick | Y33: Skins Side
A34: Sean | G34: =IFERROR(__xludf.DUMMYFUNCTION("IFERROR(SUM(SPLIT(J31, ""-"")))"),"") | H34: =IFERROR(__xludf.DUMMYFUNCTION("IFERROR(INDEX(SPLIT($J31, ""-""), 0, 1))"),"") | K34: Brian | Q34: =IFERROR(__xludf.DUMMYFUNCTION("IFERROR(SUM(SPLIT(J31, ""-"")))"),"") | R34: =IFERROR(__xludf.DUMMYFUNCTION("IFERROR(INDEX(SPLIT($J31, ""-""), 0, 2))"),"")
A35: Steve | G35: =IFERROR(__xludf.DUMMYFUNCTION("IFERROR(SUM(SPLIT(J31, ""-"")))"),"") | H35: =IFERROR(__xludf.DUMMYFUNCTION("IFERROR(INDEX(SPLIT($J31, ""-""), 0, 1))"),"") | K35: Andrew | Q35: =IFERROR(__xludf.DUMMYFUNCTION("IFERROR(SUM(SPLIT(J31, ""-"")))"),"") | R35: =IFERROR(__xludf.DUMMYFUNCTION("IFERROR(INDEX(SPLIT($J31, ""-""), 0, 2))"),"")
A38: 12 | J38: Final Score
V40: REMEMBER TO SCREENSHOT THE FINAL SCOREBOARD
A41: Shirts | B41: K | C41: A | D41: D | E41: ADR | F41: DMG | G41: Rounds | H41: Rounds Won | I41: Column 9 | K41: Skins | L41: K | M41: A | N41: D | O41: ADR | P41: DMG | Q41: Rounds | R41: Rounds Won | S41: Column 9 | U41: Shirts Ban | V41: Skins Ban 1 | W41: Skins Ban 2 | X41: Shirts Pick | Y41: Skins Side
A42: Dan | G42: =IFERROR(__xludf.DUMMYFUNCTION("IFERROR(SUM(SPLIT(J39, ""-"")))"),"") | H42: =IFERROR(__xludf.DUMMYFUNCTION("IFERROR(INDEX(SPLIT($J39, ""-""), 0, 1))"),"") | K42: Michael | Q42: =IFERROR(__xludf.DUMMYFUNCTION("IFERROR(SUM(SPLIT(J39, ""-"")))"),"") | R42: =IFERROR(__xludf.DUMMYFUNCTION("IFERROR(INDEX(SPLIT($J39, ""-""), 0, 2))"),"")
A43: Tim | G43: =IFERROR(__xludf.DUMMYFUNCTION("IFERROR(SUM(SPLIT(J39, ""-"")))"),"") | H43: =IFERROR(__xludf.DUMMYFUNCTION("IFERROR(INDEX(SPLIT($J39, ""-""), 0, 1))"),"") | K43: Fred | Q43: =IFERROR(__xludf.DUMMYFUNCTION("IFERROR(SUM(SPLIT(J39, ""-"")))"),"") | R43: =IFERROR(__xludf.DUMMYFUNCTION("IFERROR(INDEX(SPLIT($J39, ""-""), 0, 2))"),"")
J45: Week 3 | M45: BYE | O45: Sean | T45: Week 3
A46: 1 | E46: GAME OF THE WEEK | J46: Final Score
V47: REMEMBER TO SCREENSHOT THE FINAL SCOREBOARD
A48: Shirts | B48: K | C48: A | D48: D | E48: ADR | F48: DMG | G48: Rounds | H48: Rounds Won | I48: Win | K48: Skins | L48: K | M48: A | N48: D | O48: ADR | P48: DMG | Q48: Rounds | R48: Rounds Won | S48: Win | U48: Shirts Ban | V48: Skins Ban 1 | W48: Skins Ban 2 | X48: Shirts Pick | Y48: Skins Side
A49: Zach | G49: =IFERROR(__xludf.DUMMYFUNCTION("IFERROR(SUM(SPLIT(J47, ""-"")))"),"") | H49: =IFERROR(__xludf.DUMMYFUNCTION("IFERROR(INDEX(SPLIT($J47, ""-""), 0, 1))"),"") | K49: Brian | Q49: =IFERROR(__xludf.DUMMYFUNCTION("IFERROR(SUM(SPLIT(J47, ""-"")))"),"") | R49: =IFERROR(__xludf.DUMMYFUNCTION("IFERROR(INDEX(SPLIT($J47, ""-""), 0, 2))"),"")
A50: Fred | G50: =IFERROR(__xludf.DUMMYFUNCTION("IFERROR(SUM(SPLIT(J47, ""-"")))"),"") | H50: =IFERROR(__xludf.DUMMYFUNCTION("IFERROR(INDEX(SPLIT($J47, ""-""), 0, 1))"),"") | K50: Kevin | Q50: =IFERROR(__xludf.DUMMYFUNCTION("IFERROR(SUM(SPLIT(J47, ""-"")))"),"") | R50: =IFERROR(__xludf.DUMMYFUNCTION("IFERROR(INDEX(SPLIT($J47, ""-""), 0, 2))"),"")
A52: 2 | J52: Final Score
V54: REMEMBER TO SCREENSHOT THE FINAL SCOREBOARD
A55: Shirts | B55: K | C55: A | D55: D | E55: ADR | F55: DMG | G55: Rounds | H55: Rounds Won | I55: Column 9 | K55: Skins | L55: K | M55: A | N55: D | O55: ADR | P55: DMG | Q55: Rounds | R55: Rounds Won | S55: Column 9 | U55: Shirts Ban | V55: Skins Ban 1 | W55: Skins Ban 2 | X55: Shirts Pick | Y55: Skins Side
A56: Dan | G56: =IFERROR(__xludf.DUMMYFUNCTION("IFERROR(SUM(SPLIT(J53, ""-"")))"),"") | H56: =IFERROR(__xludf.DUMMYFUNCTION("IFERROR(INDEX(SPLIT($J53, ""-""), 0, 1))"),"") | K56: Tim | Q56: =IFERROR(__xludf.DUMMYFUNCTION("IFERROR(SUM(SPLIT(J53, ""-"")))"),"") | R56: =IFERROR(__xludf.DUMMYFUNCTION("IFERROR(INDEX(SPLIT($J53, ""-""), 0, 2))"),"")
A57: Steve | G57: =IFERROR(__xludf.DUMMYFUNCTION("IFERROR(SUM(SPLIT(J53, ""-"")))"),"") | H57: =IFERROR(__xludf.DUMMYFUNCTION("IFERROR(INDEX(SPLIT($J53, ""-""), 0, 1))"),"") | K57: Eric | Q57: =IFERROR(__xludf.DUMMYFUNCTION("IFERROR(SUM(SPLIT(J53, ""-"")))"),"") | R57: =IFERROR(__xludf.DUMMYFUNCTION("IFERROR(INDEX(SPLIT($J53, ""-""), 0, 2))"),"")
A60: 3 | J60: Final Score
V62: REMEMBER TO SCREENSHOT THE FINAL SCOREBOARD
A63: Shirts | B63: K | C63: A | D63: D | E63: ADR | F63: DMG | G63: Rounds | H63: Rounds Won | I63: Column 9 | K63: Skins | L63: K | M63: A | N63: D | O63: ADR | P63: DMG | Q63: Rounds | R63: Rounds Won | S63: Column 9 | U63: Shirts Ban | V63: Skins Ban 1 | W63: Skins Ban 2 | X63: Shirts Pick | Y63: Skins Side
A64: Andrew | G64: =IFERROR(__xludf.DUMMYFUNCTION("IFERROR(SUM(SPLIT(J61, ""-"")))"),"") | H64: =IFERROR(__xludf.DUMMYFUNCTION("IFERROR(INDEX(SPLIT($J61, ""-""), 0, 1))"),"") | K64: Emanuel | Q64: =IFERROR(__xludf.DUMMYFUNCTION("IFERROR(SUM(SPLIT(J61, ""-"")))"),"") | R64: =IFERROR(__xludf.DUMMYFUNCTION("IFERROR(INDEX(SPLIT($J61, ""-""), 0, 2))"),"")
A65: Michael | G65: =IFERROR(__xludf.DUMMYFUNCTION("IFERROR(SUM(SPLIT(J61, ""-"")))"),"") | H65: =IFERROR(__xludf.DUMMYFUNCTION("IFERROR(INDEX(SPLIT($J61, ""-""), 0, 1))"),"") | K65: Adam | Q65: =IFERROR(__xludf.DUMMYFUNCTION("IFERROR(SUM(SPLIT(J61, ""-"")))"),"") | R65: =IFERROR(__xludf.DUMMYFUNCTION("IFERROR(INDEX(SPLIT($J61, ""-""), 0, 2))"),"")
J67: Week 4 | M67: BYE | O67: Eric | T67: Week 4
A68: 7 | E68: GAME OF THE WEEK | J68: Final Score
V69: REMEMBER TO SCREENSHOT THE FINAL SCOREBOARD
A70: Shirts | B70: K | C70: A | D70: D | E70: ADR | F70: DMG | G70: Rounds | H70: Rounds Won | I70: Win | K70: Skins | L70: K | M70: A | N70: D | O70: ADR | P70: DMG | Q70: Rounds | R70: Rounds Won | S70: Win | U70: Shirts Ban | V70: Skins Ban 1 | W70: Skins Ban 2 | X70: Shirts Pick | Y70: Skins Side
A71: Sean | G71: =IFERROR(__xludf.DUMMYFUNCTION("IFERROR(SUM(SPLIT(J69, ""-"")))"),"") | H71: =IFERROR(__xludf.DUMMYFUNCTION("IFERROR(INDEX(SPLIT($J69, ""-""), 0, 1))"),"") | K71: Brian | Q71: =IFERROR(__xludf.DUMMYFUNCTION("IFERROR(SUM(SPLIT(J69, ""-"")))"),"") | R71: =IFERROR(__xludf.DUMMYFUNCTION("IFERROR(INDEX(SPLIT($J69, ""-""), 0, 2))"),"")
A72: Kevin | G72: =IFERROR(__xludf.DUMMYFUNCTION("IFERROR(SUM(SPLIT(J69, ""-"")))"),"") | H72: =IFERROR(__xludf.DUMMYFUNCTION("IFERROR(INDEX(SPLIT($J69, ""-""), 0, 1))"),"") | K72: Adam | Q72: =IFERROR(__xludf.DUMMYFUNCTION("IFERROR(SUM(SPLIT(J69, ""-"")))"),"") | R72: =IFERROR(__xludf.DUMMYFUNCTION("IFERROR(INDEX(SPLIT($J69, ""-""), 0, 2))"),"")
A74: 8 | J74: Final Score
V76: REMEMBER TO SCREENSHOT THE FINAL SCOREBOARD
A77: Shirts | B77: K | C77: A | D77: D | E77: ADR | F77: DMG | G77: Rounds | H77: Rounds Won | I77: Column 9 | K77: Skins | L77: K | M77: A | N77: D | O77: ADR | P77: DMG | Q77: Rounds | R77: Rounds Won | S77: Column 9 | U77: Shirts Ban | V77: Skins Ban 1 | W77: Skins Ban 2 | X77: Shirts Pick | Y77: Skins Side
A78: Zach | G78: =IFERROR(__xludf.DUMMYFUNCTION("IFERROR(SUM(SPLIT(J75, ""-"")))"),"") | H78: =IFERROR(__xludf.DUMMYFUNCTION("IFERROR(INDEX(SPLIT($J75, ""-""), 0, 1))"),"") | K78: Tim | Q78: =IFERROR(__xludf.DUMMYFUNCTION("IFERROR(SUM(SPLIT(J75, ""-"")))"),"") | R78: =IFERROR(__xludf.DUMMYFUNCTION("IFERROR(INDEX(SPLIT($J75, ""-""), 0, 2))"),"")
A79: Michael | G79: =IFERROR(__xludf.DUMMYFUNCTION("IFERROR(SUM(SPLIT(J75, ""-"")))"),"") | H79: =IFERROR(__xludf.DUMMYFUNCTION("IFERROR(INDEX(SPLIT($J75, ""-""), 0, 1))"),"") | K79: Andrew | Q79: =IFERROR(__xludf.DUMMYFUNCTION("IFERROR(SUM(SPLIT(J75, ""-"")))"),"") | R79: =IFERROR(__xludf.DUMMYFUNCTION("IFERROR(INDEX(SPLIT($J75, ""-""), 0, 2))"),"")
A82: 9 | J82: Final Score
V84: REMEMBER TO SCREENSHOT THE FINAL SCOREBOARD
A85: Shirts | B85: K | C85: A | D85: D | E85: ADR | F85: DMG | G85: Rounds | H85: Rounds Won | I85: Column 9 | K85: Skins | L85: K | M85: A | N85: D | O85: ADR | P85: DMG | Q85: Rounds | R85: Rounds Won | S85: Column 9 | U85: Shirts Ban | V85: Skins Ban 1 | W85: Skins Ban 2 | X85: Shirts Pick | Y85: Skins Side
A86: Dan | G86: =IFERROR(__xludf.DUMMYFUNCTION("IFERROR(SUM(SPLIT(J83, ""-"")))"),"") | H86: =IFERROR(__xludf.DUMMYFUNCTION("IFERROR(INDEX(SPLIT($J83, ""-""), 0, 1))"),"") | K86: Steve | Q86: =IFERROR(__xludf.DUMMYFUNCTION("IFERROR(SUM(SPLIT(J83, ""-"")))"),"") | R86: =IFERROR(__xludf.DUMMYFUNCTION("IFERROR(INDEX(SPLIT($J83, ""-""), 0, 2))"),"")
A87: Emanuel | G87: =IFERROR(__xludf.DUMMYFUNCTION("IFERROR(SUM(SPLIT(J83, ""-"")))"),"") | H87: =IFERROR(__xludf.DUMMYFUNCTION("IFERROR(INDEX(SPLIT($J83, ""-""), 0, 1))"),"") | K87: Fred | Q87: =IFERROR(__xludf.DUMMYFUNCTION("IFERROR(SUM(SPLIT(J83, ""-"")))"),"") | R87: =IFERROR(__xludf.DUMMYFUNCTION("IFERROR(INDEX(SPLIT($J83, ""-""), 0, 2))"),"")
J89: Week 5 | M89: BYE | O89: Andrew | T89: Week 5
A90: 13 | J90: Final Score
V91: REMEMBER TO SCREENSHOT THE FINAL SCOREBOARD
A92: Shirts | B92: K | C92: A | D92: D | E92: ADR | F92: DMG | G92: Rounds | H92: Rounds Won | I92: Win | K92: Skins | L92: K | M92: A | N92: D | O92: ADR | P92: DMG | Q92: Rounds | R92: Rounds Won | S92: Win | U92: Shirts Ban | V92: Skins Ban 1 | W92: Skins Ban 2 | X92: Shirts Pick | Y92: Skins Side
A93: Sean | G93: =IFERROR(__xludf.DUMMYFUNCTION("IFERROR(SUM(SPLIT(J91, ""-"")))"),"") | H93: =IFERROR(__xludf.DUMMYFUNCTION("IFERROR(INDEX(SPLIT($J91, ""-""), 0, 1))"),"") | K93: Emanuel | Q93: =IFERROR(__xludf.DUMMYFUNCTION("IFERROR(SUM(SPLIT(J91, ""-"")))"),"") | R93: =IFERROR(__xludf.DUMMYFUNCTION("IFERROR(INDEX(SPLIT($J91, ""-""), 0, 2))"),"")
A94: Eric | G94: =IFERROR(__xludf.DUMMYFUNCTION("IFERROR(SUM(SPLIT(J91, ""-"")))"),"") | H94: =IFERROR(__xludf.DUMMYFUNCTION("IFERROR(INDEX(SPLIT($J91, ""-""), 0, 1))"),"") | K94: Fred | Q94: =IFERROR(__xludf.DUMMYFUNCTION("IFERROR(SUM(SPLIT(J91, ""-"")))"),"") | R94: =IFERROR(__xludf.DUMMYFUNCTION("IFERROR(INDEX(SPLIT($J91, ""-""), 0, 2))"),"")
A96: 14 | F96: GAME OF THE WEEK | J96: Final Score
V98: REMEMBER TO SCREENSHOT THE FINAL SCOREBOARD
A99: Shirts | B99: K | C99: A | D99: D | E99: ADR | F99: DMG | G99: Rounds | H99: Rounds Won | I99: Column 9 | K99: Skins | L99: K | M99: A | N99: D | O99: ADR | P99: DMG | Q99: Rounds | R99: Rounds Won | S99: Column 9 | U99: Shirts Ban | V99: Skins Ban 1 | W99: Skins Ban 2 | X99: Shirts Pick | Y99: Skins Side
A100: Adam | G100: =IFERROR(__xludf.DUMMYFUNCTION("IFERROR(SUM(SPLIT(J97, ""-"")))"),"") | H100: =IFERROR(__xludf.DUMMYFUNCTION("IFERROR(INDEX(SPLIT($J97, ""-""), 0, 1))"),"") | K100: Michael | Q100: =IFERROR(__xludf.DUMMYFUNCTION("IFERROR(SUM(SPLIT(J97, ""-"")))"),"") | R100: =IFERROR(__xludf.DUMMYFUNCTION("IFERROR(INDEX(SPLIT($J97, ""-""), 0, 2))"),"")
A101: Kevin | G101: =IFERROR(__xludf.DUMMYFUNCTION("IFERROR(SUM(SPLIT(J97, ""-"")))"),"") | H101: =IFERROR(__xludf.DUMMYFUNCTION("IFERROR(INDEX(SPLIT($J97, ""-""), 0, 1))"),"") | K101: Steve | Q101: =IFERROR(__xludf.DUMMYFUNCTION("IFERROR(SUM(SPLIT(J97, ""-"")))"),"") | R101: =IFERROR(__xludf.DUMMYFUNCTION("IFERROR(INDEX(SPLIT($J97, ""-""), 0, 2))"),"")
A104: 15 | J104: Final Score
V106: REMEMBER TO SCREENSHOT THE FINAL SCOREBOARD
A107: Shirts | B107: K | C107: A | D107: D | E107: ADR | F107: DMG | G107: Rounds | H107: Rounds Won | I107: Column 9 | K107: Skins | L107: K | M107: A | N107: D | O107: ADR | P107: DMG | Q107: Rounds | R107: Rounds Won | S107: Column 9 | U107: Shirts Ban | V107: Skins Ban 1 | W107: Skins Ban 2 | X107: Shirts Pick | Y107: Skins Side
A108: Zach | G108: =IFERROR(__xludf.DUMMYFUNCTION("IFERROR(SUM(SPLIT(J105, ""-"")))"),"") | H108: =IFERROR(__xludf.DUMMYFUNCTION("IFERROR(INDEX(SPLIT($J105, ""-""), 0, 1))"),"") | K108: Brian | Q108: =IFERROR(__xludf.DUMMYFUNCTION("IFERROR(SUM(SPLIT(J105, ""-"")))"),"") | R108: =IFERROR(__xludf.DUMMYFUNCTION("IFERROR(INDEX(SPLIT($J105, ""-""), 0, 2))"),"")
A109: Tim | G109: =IFERROR(__xludf.DUMMYFUNCTION("IFERROR(SUM(SPLIT(J105, ""-"")))"),"") | H109: =IFERROR(__xludf.DUMMYFUNCTION("IFERROR(INDEX(SPLIT($J105, ""-""), 0, 1))"),"") | K109: Dan | Q109: =IFERROR(__xludf.DUMMYFUNCTION("IFERROR(SUM(SPLIT(J105, ""-"")))"),"") | R109: =IFERROR(__xludf.DUMMYFUNCTION("IFERROR(INDEX(SPLIT($J105, ""-""), 0, 2))"),"")
J111: Week 6 | M111: BYE | O111: Dan | T111: Week 6
A112: 16 | J112: Final Score
V113: REMEMBER TO SCREENSHOT THE FINAL SCOREBOARD
A114: Shirts | B114: K | C114: A | D114: D | E114: ADR | F114: DMG | G114: Rounds | H114: Rounds Won | I114: Win | K114: Skins | L114: K | M114: A | N114: D | O114: ADR | P114: DMG | Q114: Rounds | R114: Rounds Won | S114: Win | U114: Shirts Ban | V114: Skins Ban 1 | W114: Skins Ban 2 | X114: Shirts Pick | Y114: Skins Side
A115: Andrew | G115: =IFERROR(__xludf.DUMMYFUNCTION("IFERROR(SUM(SPLIT(J113, ""-"")))"),"") | H115: =IFERROR(__xludf.DUMMYFUNCTION("IFERROR(INDEX(SPLIT($J113, ""-""), 0, 1))"),"") | K115: Tim | Q115: =IFERROR(__xludf.DUMMYFUNCTION("IFERROR(SUM(SPLIT(J113, ""-"")))"),"") | R115: =IFERROR(__xludf.DUMMYFUNCTION("IFERROR(INDEX(SPLIT($J113, ""-""), 0, 2))"),"")
A116: Kevin | G116: =IFERROR(__xludf.DUMMYFUNCTION("IFERROR(SUM(SPLIT(J113, ""-"")))"),"") | H116: =IFERROR(__xludf.DUMMYFUNCTION("IFERROR(INDEX(SPLIT($J113, ""-""), 0, 1))"),"") | K116: Fred | Q116: =IFERROR(__xludf.DUMMYFUNCTION("IFERROR(SUM(SPLIT(J113, ""-"")))"),"") | R116: =IFERROR(__xludf.DUMMYFUNCTION("IFERROR(INDEX(SPLIT($J113, ""-""), 0, 2))"),"")
A118: 17 | E118: GAME OF THE WEEK | J118: Final Score
V120: REMEMBER TO SCREENSHOT THE FINAL SCOREBOARD
A121: Shirts | B121: K | C121: A | D121: D | E121: ADR | F121: DMG | G121: Rounds | H121: Rounds Won | I121: Column 9 | K121: Skins | L121: K | M121: A | N121: D | O121: ADR | P121: DMG | Q121: Rounds | R121: Rounds Won | S121: Column 9 | U121: Shirts Ban | V121: Skins Ban 1 | W121: Skins Ban 2 | X121: Shirts Pick | Y121: Skins Side
A122: Adam | G122: =IFERROR(__xludf.DUMMYFUNCTION("IFERROR(SUM(SPLIT(J119, ""-"")))"),"") | H122: =IFERROR(__xludf.DUMMYFUNCTION("IFERROR(INDEX(SPLIT($J119, ""-""), 0, 1))"),"") | K122: Zach | Q122: =IFERROR(__xludf.DUMMYFUNCTION("IFERROR(SUM(SPLIT(J119, ""-"")))"),"") | R122: =IFERROR(__xludf.DUMMYFUNCTION("IFERROR(INDEX(SPLIT($J119, ""-""), 0, 2))"),"")
A123: Eric | G123: =IFERROR(__xludf.DUMMYFUNCTION("IFERROR(SUM(SPLIT(J119, ""-"")))"),"") | H123: =IFERROR(__xludf.DUMMYFUNCTION("IFERROR(INDEX(SPLIT($J119, ""-""), 0, 1))"),"") | K123: Brian | Q123: =IFERROR(__xludf.DUMMYFUNCTION("IFERROR(SUM(SPLIT(J119, ""-"")))"),"") | R123: =IFERROR(__xludf.DUMMYFUNCTION("IFERROR(INDEX(SPLIT($J119, ""-""), 0, 2))"),"")
A126: 18 | J126: Final Score
V128: REMEMBER TO SCREENSHOT THE FINAL SCOREBOARD
A129: Shirts | B129: K | C129: A | D129: D | E129: ADR | F129: DMG | G129: Rounds | H129: Rounds Won | I129: Column 9 | K129: Skins | L129: K | M129: A | N129: D | O129: ADR | P129: DMG | Q129: Rounds | R129: Rounds Won | S129: Column 9 | U129: Shirts Ban | V129: Skins Ban 1 | W129: Skins Ban 2 | X129: Shirts Pick | Y129: Skins Side
A130: Sean | G130: =IFERROR(__xludf.DUMMYFUNCTION("IFERROR(SUM(SPLIT(J127, ""-"")))"),"") | H130: =IFERROR(__xludf.DUMMYFUNCTION("IFERROR(INDEX(SPLIT($J127, ""-""), 0, 1))"),"") | K130: Emanuel | Q130: =IFERROR(__xludf.DUMMYFUNCTION("IFERROR(SUM(SPLIT(J127, ""-"")))"),"") | R130: =IFERROR(__xludf.DUMMYFUNCTION("IFERROR(INDEX(SPLIT($J127, ""-""), 0, 2))"),"")
A131: Michael | G131: =IFERROR(__xludf.DUMMYFUNCTION("IFERROR(SUM(SPLIT(J127, ""-"")))"),"") | H131: =IFERROR(__xludf.DUMMYFUNCTION("IFERROR(INDEX(SPLIT($J127, ""-""), 0, 1))"),"") | K131: Steve | Q131: =IFERROR(__xludf.DUMMYFUNCTION("IFERROR(SUM(SPLIT(J127, ""-"")))"),"") | R131: =IFERROR(__xludf.DUMMYFUNCTION("IFERROR(INDEX(SPLIT($J127, ""-""), 0, 2))"),"")
J133: Week 7 | N133: BYE | P133: Zach | T133: Week 7
A134: 19 | J134: Final Score
V135: REMEMBER TO SCREENSHOT THE FINAL SCOREBOARD
A136: Shirts | B136: K | C136: A | D136: D | E136: ADR | F136: DMG | G136: Rounds | H136: Rounds Won | I136: Win | K136: Skins | L136: K | M136: A | N136: D | O136: ADR | P136: DMG | Q136: Rounds | R136: Rounds Won | S136: Win | U136: Shirts Ban | V136: Skins Ban 1 | W136: Skins Ban 2 | X136: Shirts Pick | Y136: Skins Side
...

Sheet Schedule Difficulty Calculator
A1: Wins leaders | B1: Rating Value | C1: prem | D1: last szn placement + random # for new | H1: Estimated Schedule Difficulty | K1: max for normalization
A2: Zach | B2: 12264 | C2: 12264 | D2: 8 | G2: Name | H2: RAW | I2: Relative Difficulty | K2: =MAX(H3:H14) -> 138695
A3: Dan | B3: 20844 | C3: 20844 | D3: 8 | G3: Adam | H3: =SUMIF($C$17:$C$55,G3,$A$17:$A$55)+SUMIF($D$17:$D$55,G3,$B$17:$B$55)+SUMIF($G$17:$G$55,G3,$I$17:$I$55)+SUMIF($H$17:$H$55,G3,$J$17:$J$55) -> 129594 | I3: =H3/$K$2 -> 0.9343812
A4: Brian | B4: 12316 | C4: 12316 | D4: 6 | G4: Andrew | H4: =SUMIF($C$17:$C$55,G4,$A$17:$A$55)+SUMIF($D$17:$D$55,G4,$B$17:$B$55)+SUMIF($G$17:$G$55,G4,$I$17:$I$55)+SUMIF($H$17:$H$55,G4,$J$17:$J$55) -> 95168 | I4: =H4/$K$2 -> 0.68616749 | K4: Relative Difficulty: The closer to 100%, the more difficult the schedule
A5: Adam | B5: 15691 | C5: 15691 | D5: 5 | G5: Brian | H5: =SUMIF($C$17:$C$55,G5,$A$17:$A$55)+SUMIF($D$17:$D$55,G5,$B$17:$B$55)+SUMIF($G$17:$G$55,G5,$I$17:$I$55)+SUMIF($H$17:$H$55,G5,$J$17:$J$55) -> 116168 | I5: =H5/$K$2 -> 0.83757886
A6: Sean | B6: 17486 | C6: 17486 | D6: 9 | G6: Dan | H6: =SUMIF($C$17:$C$55,G6,$A$17:$A$55)+SUMIF($D$17:$D$55,G6,$B$17:$B$55)+SUMIF($G$17:$G$55,G6,$I$17:$I$55)+SUMIF($H$17:$H$55,G6,$J$17:$J$55) -> 122125 | I6: =H6/$K$2 -> 0.88052922
A7: Eric | B7: 8500 | C7: 8500 | D7: 5 | G7: Emanuel | H7: =SUMIF($C$17:$C$55,G7,$A$17:$A$55)+SUMIF($D$17:$D$55,G7,$B$17:$B$55)+SUMIF($G$17:$G$55,G7,$I$17:$I$55)+SUMIF($H$17:$H$55,G7,$J$17:$J$55) -> 112445 | I7: =H7/$K$2 -> 0.81073579
A8: Tim | B8: 2500 | C8: 2500 | D8: 3 | G8: eric | H8: =SUMIF($C$17:$C$55,G8,$A$17:$A$55)+SUMIF($D$17:$D$55,G8,$B$17:$B$55)+SUMIF($G$17:$G$55,G8,$I$17:$I$55)+SUMIF($H$17:$H$55,G8,$J$17:$J$55) -> 138695 | I8: =H8/$K$2 -> 1
A9: Emanuel | B9: 3105 | C9: 2500 | D9: 5 | G9: Sean | H9: =SUMIF($C$17:$C$55,G9,$A$17:$A$55)+SUMIF($D$17:$D$55,G9,$B$17:$B$55)+SUMIF($G$17:$G$55,G9,$I$17:$I$55)+SUMIF($H$17:$H$55,G9,$J$17:$J$55) -> 116827 | I9: =H9/$K$2 -> 0.84233029
A10: Andrew | B10: 1153 | C10: 2500 | D10: 1 | G10: Tim | H10: =SUMIF($C$17:$C$55,G10,$A$17:$A$55)+SUMIF($D$17:$D$55,G10,$B$17:$B$55)+SUMIF($G$17:$G$55,G10,$I$17:$I$55)+SUMIF($H$17:$H$55,G10,$J$17:$J$55) -> 118852 | I10: =H10/$K$2 -> 0.85693068
A11: Kevin | B11: 3500 | C11: 3500 | D11: 3 | G11: Zach | H11: =SUMIF($C$17:$C$55,G11,$A$17:$A$55)+SUMIF($D$17:$D$55,G11,$B$17:$B$55)+SUMIF($G$17:$G$55,G11,$I$17:$I$55)+SUMIF($H$17:$H$55,G11,$J$17:$J$55) -> 98906 | I11: =H11/$K$2 -> 0.71311871
A12: Steve | B12: 7000 | C12: 7000 | D12: 3 | G12: steve | H12: =SUMIF($C$17:$C$55,G12,$A$17:$A$55)+SUMIF($D$17:$D$55,G12,$B$17:$B$55)+SUMIF($G$17:$G$55,G12,$I$17:$I$55)+SUMIF($H$17:$H$55,G12,$J$17:$J$55) -> 132081 | I12: =H12/$K$2 -> 0.95231263
A13: michael | B13: 3500 | C13: 3500 | D13: 3 | G13: michael | H13: =SUMIF($C$17:$C$55,G13,$A$17:$A$55)+SUMIF($D$17:$D$55,G13,$B$17:$B$55)+SUMIF($G$17:$G$55,G13,$I$17:$I$55)+SUMIF($H$17:$H$55,G13,$J$17:$J$55) -> 131785 | I13: =H13/$K$2 -> 0.95017845
A14: Fred | B14: 1000 | C14: 1000 | D14: 1 | G14: fred | H14: =SUMIF($C$17:$C$55,G14,$A$17:$A$55)+SUMIF($D$17:$D$55,G14,$B$17:$B$55)+SUMIF($G$17:$G$55,G14,$I$17:$I$55)+SUMIF($H$17:$H$55,G14,$J$17:$J$55) -> 112213 | I14: =H14/$K$2 -> 0.80906305
A15: T 1 | G15: T 2
A16: P1 DIF VAL | B16: P2 DIF VAL | C16: names | E16: Raw Closeness | F16: Normalized 0-100 | G16: names | I16: P1 DIF VAL | J16: P2 DIF VAL | L16: GAME NUM
A17: =MAX(XLOOKUP(G17,$A$2:$A$14,$B$2:$B$14)+XLOOKUP(H17,$A$2:$A$14,$B$2:$B$14)-XLOOKUP(D17,$A$2:$A$14,$B$2:$B$14),0) -> 14816 | B17: =MAX(XLOOKUP(G17,$A$2:$A$14,$B$2:$B$14)+XLOOKUP(H17,$A$2:$A$14,$B$2:$B$14)-XLOOKUP(C17,$A$2:$A$14,$B$2:$B$14),0) -> 3552 | C17: Zach | D17: Fred | E17: =(A17 + B17 - I17 - J17)/1000 -> 7.656 | F17: =E17/$E$57*100 -> 10.990525 | G17: Brian | H17: Kevin | I17: =MAX(XLOOKUP(C17,$A$2:$A$14,$B$2:$B$14)+XLOOKUP(D17,$A$2:$A$14,$B$2:$B$14)-XLOOKUP(H17,$A$2:$A$14,$B$2:$B$14),0) -> 9764 | J17: =MAX(XLOOKUP(C17,$A$2:$A$14,$B$2:$B$14)+XLOOKUP(D17,$A$2:$A$14,$B$2:$B$14)-XLOOKUP(G17,$A$2:$A$14,$B$2:$B$14),0) -> 948 | L17: 1
A18: =MAX(XLOOKUP(G18,$A$2:$A$14,$B$2:$B$14)+XLOOKUP(H18,$A$2:$A$14,$B$2:$B$14)-XLOOKUP(D18,$A$2:$A$14,$B$2:$B$14),0) -> 4000 | B18: =MAX(XLOOKUP(G18,$A$2:$A$14,$B$2:$B$14)+XLOOKUP(H18,$A$2:$A$14,$B$2:$B$14)-XLOOKUP(C18,$A$2:$A$14,$B$2:$B$14),0) -> 0 | C18: Dan | D18: Steve | E18: =(A18 + B18 - I18 - J18)/1000 -> -40.688 | F18: =E18/$E$57*100 -> -58.409417 | G18: Tim | H18: Eric | I18: =MAX(XLOOKUP(C18,$A$2:$A$14,$B$2:$B$14)+XLOOKUP(D18,$A$2:$A$14,$B$2:$B$14)-XLOOKUP(H18,$A$2:$A$14,$B$2:$B$14),0) -> 19344 | J18: =MAX(XLOOKUP(C18,$A$2:$A$14,$B$2:$B$14)+XLOOKUP(D18,$A$2:$A$14,$B$2:$B$14)-XLOOKUP(G18,$A$2:$A$14,$B$2:$B$14),0) -> 25344 | L18: 2
A19: =MAX(XLOOKUP(G19,$A$2:$A$14,$B$2:$B$14)+XLOOKUP(H19,$A$2:$A$14,$B$2:$B$14)-XLOOKUP(D19,$A$2:$A$14,$B$2:$B$14),0) -> 15296 | B19: =MAX(XLOOKUP(G19,$A$2:$A$14,$B$2:$B$14)+XLOOKUP(H19,$A$2:$A$14,$B$2:$B$14)-XLOOKUP(C19,$A$2:$A$14,$B$2:$B$14),0) -> 17643 | C19: Andrew | D19: Michael | E19: =(A19 + B19 - I19 - J19)/1000 -> 31.391 | F19: =E19/$E$57*100 -> 45.063164 | G19: Emanuel | H19: Adam | I19: =MAX(XLOOKUP(C19,$A$2:$A$14,$B$2:$B$14)+XLOOKUP(D19,$A$2:$A$14,$B$2:$B$14)-XLOOKUP(H19,$A$2:$A$14,$B$2:$B$14),0) -> 0 | J19: =MAX(XLOOKUP(C19,$A$2:$A$14,$B$2:$B$14)+XLOOKUP(D19,$A$2:$A$14,$B$2:$B$14)-XLOOKUP(G19,$A$2:$A$14,$B$2:$B$14),0) -> 1548 | L19: 3
A20: =MAX(XLOOKUP(G20,$A$2:$A$14,$B$2:$B$14)+XLOOKUP(H20,$A$2:$A$14,$B$2:$B$14)-XLOOKUP(D20,$A$2:$A$14,$B$2:$B$14),0) -> 17191 | B20: =MAX(XLOOKUP(G20,$A$2:$A$14,$B$2:$B$14)+XLOOKUP(H20,$A$2:$A$14,$B$2:$B$14)-XLOOKUP(C20,$A$2:$A$14,$B$2:$B$14),0) -> 705 | C20: Sean | D20: Fred | E20: =(A20 + B20 - I20 - J20)/1000 -> -0.885 | F20: =E20/$E$57*100 -> -1.2704565 | G20: Tim | H20: Adam | I20: =MAX(XLOOKUP(C20,$A$2:$A$14,$B$2:$B$14)+XLOOKUP(D20,$A$2:$A$14,$B$2:$B$14)-XLOOKUP(H20,$A$2:$A$14,$B$2:$B$14),0) -> 2795 | J20: =MAX(XLOOKUP(C20,$A$2:$A$14,$B$2:$B$14)+XLOOKUP(D20,$A$2:$A$14,$B$2:$B$14)-XLOOKUP(G20,$A$2:$A$14,$B$2:$B$14),0) -> 15986 | L20: 4
A21: =MAX(XLOOKUP(G21,$A$2:$A$14,$B$2:$B$14)+XLOOKUP(H21,$A$2:$A$14,$B$2:$B$14)-XLOOKUP(D21,$A$2:$A$14,$B$2:$B$14),0) -> 15844 | B21: =MAX(XLOOKUP(G21,$A$2:$A$14,$B$2:$B$14)+XLOOKUP(H21,$A$2:$A$14,$B$2:$B$14)-XLOOKUP(C21,$A$2:$A$14,$B$2:$B$14),0) -> 12028 | C21: Brian | D21: Eric | E21: =(A21 + B21 - I21 - J21)/1000 -> 10.556 | F21: =E21/$E$57*100 -> 15.153603 | G21: Dan | H21: Michael | I21: =MAX(XLOOKUP(C21,$A$2:$A$14,$B$2:$B$14)+XLOOKUP(D21,$A$2:$A$14,$B$2:$B$14)-XLOOKUP(H21,$A$2:$A$14,$B$2:$B$14),0) -> 17316 | J21: =MAX(XLOOKUP(C21,$A$2:$A$14,$B$2:$B$14)+XLOOKUP(D21,$A$2:$A$14,$B$2:$B$14)-XLOOKUP(G21,$A$2:$A$14,$B$2:$B$14),0) -> 0 | L21: 5
A22: =MAX(XLOOKUP(G22,$A$2:$A$14,$B$2:$B$14)+XLOOKUP(H22,$A$2:$A$14,$B$2:$B$14)-XLOOKUP(D22,$A$2:$A$14,$B$2:$B$14),0) -> 0 | B22: =MAX(XLOOKUP(G22,$A$2:$A$14,$B$2:$B$14)+XLOOKUP(H22,$A$2:$A$14,$B$2:$B$14)-XLOOKUP(C22,$A$2:$A$14,$B$2:$B$14),0) -> 0 | C22: Zach | D22: Steve | E22: =(A22 + B22 - I22 - J22)/1000 -> -34.27 | F22: =E22/$E$57*100 -> -49.196095 | G22: Andrew | H22: Emanuel | I22: =MAX(XLOOKUP(C22,$A$2:$A$14,$B$2:$B$14)+XLOOKUP(D22,$A$2:$A$14,$B$2:$B$14)-XLOOKUP(H22,$A$2:$A$14,$B$2:$B$14),0) -> 16159 | J22: =MAX(XLOOKUP(C22,$A$2:$A$14,$B$2:$B$14)+XLOOKUP(D22,$A$2:$A$14,$B$2:$B$14)-XLOOKUP(G22,$A$2:$A$14,$B$2:$B$14),0) -> 18111 | L22: 6
A23: =MAX(XLOOKUP(G23,$A$2:$A$14,$B$2:$B$14)+XLOOKUP(H23,$A$2:$A$14,$B$2:$B$14)-XLOOKUP(D23,$A$2:$A$14,$B$2:$B$14),0) -> 24507 | B23: =MAX(XLOOKUP(G23,$A$2:$A$14,$B$2:$B$14)+XLOOKUP(H23,$A$2:$A$14,$B$2:$B$14)-XLOOKUP(C23,$A$2:$A$14,$B$2:$B$14),0) -> 10521 | C23: Sean | D23: Kevin | E23: =(A23 + B23 - I23 - J23)/1000 -> 21.063 | F23: =E23/$E$57*100 -> 30.236865 | G23: Brian | H23: Adam | I23: =MAX(XLOOKUP(C23,$A$2:$A$14,$B$2:$B$14)+XLOOKUP(D23,$A$2:$A$14,$B$2:$B$14)-XLOOKUP(H23,$A$2:$A$14,$B$2:$B$14),0) -> 5295 | J23: =MAX(XLOOKUP(C23,$A$2:$A$14,$B$2:$B$14)+XLOOKUP(D23,$A$2:$A$14,$B$2:$B$14)-XLOOKUP(G23,$A$2:$A$14,$B$2:$B$14),0) -> 8670 | L23: 7
A24: =MAX(XLOOKUP(G24,$A$2:$A$14,$B$2:$B$14)+XLOOKUP(H24,$A$2:$A$14,$B$2:$B$14)-XLOOKUP(D24,$A$2:$A$14,$B$2:$B$14),0) -> 153 | B24: =MAX(XLOOKUP(G24,$A$2:$A$14,$B$2:$B$14)+XLOOKUP(H24,$A$2:$A$14,$B$2:$B$14)-XLOOKUP(C24,$A$2:$A$14,$B$2:$B$14),0) -> 0 | C24: Zach | D24: Michael | E24: =(A24 + B24 - I24 - J24)/1000 -> -27.722 | F24: =E24/$E$57*100 -> -39.796153 | G24: Tim | H24: Andrew | I24: =MAX(XLOOKUP(C24,$A$2:$A$14,$B$2:$B$14)+XLOOKUP(D24,$A$2:$A$14,$B$2:$B$14)-XLOOKUP(H24,$A$2:$A$14,$B$2:$B$14),0) -> 14611 | J24: =MAX(XLOOKUP(C24,$A$2:$A$14,$B$2:$B$14)+XLOOKUP(D24,$A$2:$A$14,$B$2:$B$14)-XLOOKUP(G24,$A$2:$A$14,$B$2:$B$14),0) -> 13264 | L24: 8
A25: =MAX(XLOOKUP(G25,$A$2:$A$14,$B$2:$B$14)+XLOOKUP(H25,$A$2:$A$14,$B$2:$B$14)-XLOOKUP(D25,$A$2:$A$14,$B$2:$B$14),0) -> 4895 | B25: =MAX(XLOOKUP(G25,$A$2:$A$14,$B$2:$B$14)+XLOOKUP(H25,$A$2:$A$14,$B$2:$B$14)-XLOOKUP(C25,$A$2:$A$14,$B$2:$B$14),0) -> 0 | C25: Dan | D25: Emanuel | E25: =(A25 + B25 - I25 - J25)/1000 -> -35.003 | F25: =E25/$E$57*100 -> -50.248349 | G25: Steve | H25: Fred | I25: =MAX(XLOOKUP(C25,$A$2:$A$14,$B$2:$B$14)+XLOOKUP(D25,$A$2:$A$14,$B$2:$B$14)-XLOOKUP(H25,$A$2:$A$14,$B$2:$B$14),0) -> 22949 | J25: =MAX(XLOOKUP(C25,$A$2:$A$14,$B$2:$B$14)+XLOOKUP(D25,$A$2:$A$14,$B$2:$B$14)-XLOOKUP(G25,$A$2:$A$14,$B$2:$B$14),0) -> 16949 | L25: 9
A26: =MAX(XLOOKUP(G26,$A$2:$A$14,$B$2:$B$14)+XLOOKUP(H26,$A$2:$A$14,$B$2:$B$14)-XLOOKUP(D26,$A$2:$A$14,$B$2:$B$14),0) -> 11869 | B26: =MAX(XLOOKUP(G26,$A$2:$A$14,$B$2:$B$14)+XLOOKUP(H26,$A$2:$A$14,$B$2:$B$14)-XLOOKUP(C26,$A$2:$A$14,$B$2:$B$14),0) -> 6869 | C26: Eric | D26: Kevin | E26: =(A26 + B26 - I26 - J26)/1000 -> 9.843 | F26: =E26/$E$57*100 -> 14.13006 | G26: Zach | H26: Emanuel | I26: =MAX(XLOOKUP(C26,$A$2:$A$14,$B$2:$B$14)+XLOOKUP(D26,$A$2:$A$14,$B$2:$B$14)-XLOOKUP(H26,$A$2:$A$14,$B$2:$B$14),0) -> 8895 | J26: =MAX(XLOOKUP(C26,$A$2:$A$14,$B$2:$B$14)+XLOOKUP(D26,$A$2:$A$14,$B$2:$B$14)-XLOOKUP(G26,$A$2:$A$14,$B$2:$B$14),0) -> 0 | L26: 10
A27: =MAX(XLOOKUP(G27,$A$2:$A$14,$B$2:$B$14)+XLOOKUP(H27,$A$2:$A$14,$B$2:$B$14)-XLOOKUP(D27,$A$2:$A$14,$B$2:$B$14),0) -> 6469 | B27: =MAX(XLOOKUP(G27,$A$2:$A$14,$B$2:$B$14)+XLOOKUP(H27,$A$2:$A$14,$B$2:$B$14)-XLOOKUP(C27,$A$2:$A$14,$B$2:$B$14),0) -> 0 | C27: Sean | D27: Steve | E27: =(A27 + B27 - I27 - J27)/1000 -> -29.034 | F27: =E27/$E$57*100 -> -41.679587 | G27: Brian | H27: Andrew | I27: =MAX(XLOOKUP(C27,$A$2:$A$14,$B$2:$B$14)+XLOOKUP(D27,$A$2:$A$14,$B$2:$B$14)-XLOOKUP(H27,$A$2:$A$14,$B$2:$B$14),0) -> 23333 | J27: =MAX(XLOOKUP(C27,$A$2:$A$14,$B$2:$B$14)+XLOOKUP(D27,$A$2:$A$14,$B$2:$B$14)-XLOOKUP(G27,$A$2:$A$14,$B$2:$B$14),0) -> 12170 | L27: 11
A28: =MAX(XLOOKUP(G28,$A$2:$A$14,$B$2:$B$14)+XLOOKUP(H28,$A$2:$A$14,$B$2:$B$14)-XLOOKUP(D28,$A$2:$A$14,$B$2:$B$14),0) -> 2000 | B28: =MAX(XLOOKUP(G28,$A$2:$A$14,$B$2:$B$14)+XLOOKUP(H28,$A$2:$A$14,$B$2:$B$14)-XLOOKUP(C28,$A$2:$A$14,$B$2:$B$14),0) -> 0 | C28: Dan | D28: Tim | E28: =(A28 + B28 - I28 - J28)/1000 -> -40.188 | F28: =E28/$E$57*100 -> -57.691645 | G28: Michael | H28: Fred | I28: =MAX(XLOOKUP(C28,$A$2:$A$14,$B$2:$B$14)+XLOOKUP(D28,$A$2:$A$14,$B$2:$B$14)-XLOOKUP(H28,$A$2:$A$14,$B$2:$B$14),0) -> 22344 | J28: =MAX(XLOOKUP(C28,$A$2:$A$14,$B$2:$B$14)+XLOOKUP(D28,$A$2:$A$14,$B$2:$B$14)-XLOOKUP(G28,$A$2:$A$14,$B$2:$B$14),0) -> 19844 | L28: 12
... A55: =MAX(XLOOKUP(G55,$A$2:$A$14,$B$2:$B$14)+XLOOKUP(H55,$A$2:$A$14,$B$2:$B$14)-XLOOKUP(D55,$A$2:$A$14,$B$2:$B$14),0) -> 12191 | B55: =MAX(XLOOKUP(G55,$A$2:$A$14,$B$2:$B$14)+XLOOKUP(H55,$A$2:$A$14,$B$2:$B$14)-XLOOKUP(C55,$A$2:$A$14,$B$2:$B$14),0) -> 18038 | C55: Andrew | D55: Steve | E55: =(A55 + B55 - I55 - J55)/1000 -> 25.576 | F55: =E55/$E$57*100 -> 36.715475 | G55: Adam | H55: Michael | I55: =MAX(XLOOKUP(C55,$A$2:$A$14,$B$2:$B$14)+XLOOKUP(D55,$A$2:$A$14,$B$2:$B$14)-XLOOKUP(H55,$A$2:$A$14,$B$2:$B$14),0) -> 4653 | J55: =MAX(XLOOKUP(C55,$A$2:$A$14,$B$2:$B$14)+XLOOKUP(D55,$A$2:$A$14,$B$2:$B$14)-XLOOKUP(G55,$A$2:$A$14,$B$2:$B$14),0) -> 0 | L55: 39
A57: =MAX(A17:A55) -> 30660 | B57: =MAX(B17:B55) -> 26302 | D57: max | E57: {=MAX(ABS(E17:E55))} -> 69.66 | I57: =MAX(I17:I55) -> 34830 | J57: =MAX(J17:J55) -> 34830
A58: =MIN(A17:A55) -> 0 | B58: =MIN(B17:B55) -> 0 | D58: min | E58: {=MIN(ABS(E17:E55))} -> 0.459 | I58: =MIN(I17:I55) -> 0 | J58: =MIN(J17:J55) -> 0

Sheet Playoff Format + Play-ins
G1: Play-ins
H2: Bottom Four players have mini-bracket to qualify for final playoff spot, the rest is the same as previous playoffs
A3: Total Games: | B3: 8 | C3: estimated weeks: | D3: 3
A4: Important note, this is the only format with 1 explicit last place | I4: Playin Group
I5: seed number | J5: name | K5: record
I6: 10 | J6: =XLOOKUP(I6,$A$8:$A$20,$B$8:$B$20) -> Sean | K6: 2-0
A7: 1 | B7: Adam | C7: Bye to finals | I7: 11 | J7: =XLOOKUP(I7,$A$8:$A$20,$B$8:$B$20) -> Steve | K7: 46023
A8: 2 | B8: Andrew | I8: 12 | J8: =XLOOKUP(I8,$A$8:$A$20,$B$8:$B$20) -> Tim | K8: 46023
A9: 3 | B9: Brian | C9: Distributed into Groups for First Round | I9: 13 | J9: =XLOOKUP(I9,$A$8:$A$20,$B$8:$B$20) -> Zach | K9: 0-2
A10: 4 | B10: Dan
A11: 5 | B11: Emanuel
A12: 6 | B12: Eric | I12: 2 games, based on regular season seeding
A13: 7 | B13: Fred | I13: 10 | 11 | J13: 12 | 13
A14: 8 | B14: Kevin
A15: 9 | B15: Michael | I15: 10 | 12 | J15: 11 | 13
A17: 10 | B17: Sean | C17: Play-in | I17: number 11 wins, squeeks into playoffs
A18: 11 | B18: Steve
A19: 12 | B19: Tim | G19: First Round
A20: 13 | B20: Zach | H20: 2 players from each pool S and Z are randomized into groups
H22: Pool S | J22: Pool Z
A23: Potential Payouts | H23: 3 | I23: =XLOOKUP(H23,$A$8:$A$20,$B$8:$B$20) -> Brian | J23: 7 | K23: =XLOOKUP(J23,$A$8:$A$20,$B$8:$B$20) -> Fred
A24: Place | B24: Result | C24: Payout | H24: 4 | I24: =XLOOKUP(H24,$A$8:$A$20,$B$8:$B$20) -> Dan | J24: 8 | K24: =XLOOKUP(J24,$A$8:$A$20,$B$8:$B$20) -> Kevin
A25: 1 | B25: Champion | C25: 32 | H25: 5 | I25: =XLOOKUP(H25,$A$8:$A$20,$B$8:$B$20) -> Emanuel | J25: 9 | K25: =XLOOKUP(J25,$A$8:$A$20,$B$8:$B$20) -> Michael
A26: 2 | B26: 1-1 finalist | C26: 15 | H26: 6 | I26: =XLOOKUP(H26,$A$8:$A$20,$B$8:$B$20) -> Eric | J26: 11 | K26: =XLOOKUP(J26,$A$8:$A$20,$B$8:$B$20) -> Steve | L26: play in winner
A27: 2 | B27: 1-1 finalist | C27: 15
A28: 4 | B28: 0-2 finalist | C28: 12 | G28: Group 1 | J28: Group 2
A29: 5 | B29: 1-1 first round | C29: 10 | G29: seed number | H29: name | I29: record | J29: seed number | K29: name | L29: record
A30: 5 | B30: 1-1 first round | C30: 10 | G30: 5 | H30: =XLOOKUP(G30,$A$8:$A$20,$B$8:$B$20) -> Emanuel | I30: 2-0 | J30: 4 | K30: =XLOOKUP(J30,$A$8:$A$20,$B$8:$B$20) -> Dan | L30: 2-0 | M30: 2-0 qualifies to finals
A31: 5 | B31: 1-1 first round | C31: 10 | G31: 3 | H31: =XLOOKUP(G31,$A$8:$A$20,$B$8:$B$20) -> Brian | I31: 46023 | J31: 6 | K31: =XLOOKUP(J31,$A$8:$A$20,$B$8:$B$20) -> Eric | L31: 46023 | M31: 1-1s can have a money match if they want
A32: 5 | B32: 1-1 first round | C32: 10 | G32: 8 | H32: =XLOOKUP(G32,$A$8:$A$20,$B$8:$B$20) -> Kevin | I32: 46023 | J32: 7 | K32: =XLOOKUP(J32,$A$8:$A$20,$B$8:$B$20) -> Fred | L32: 46023
A33: 9 | B33: 0-2 first round | C33: 5 | G33: 11 | H33: =XLOOKUP(G33,$A$8:$A$20,$B$8:$B$20) -> Steve | I33: 0-2 | J33: 9 | K33: =XLOOKUP(J33,$A$8:$A$20,$B$8:$B$20) -> Michael | L33: 0-2
A34: 9 | B34: 0-2 first round | C34: 5
A35: 11 | B35: play-in 1-1 | C35: 3 | H35: Each Group plays 2 Games - top 2 vs bottom 2, coinflip second matchup
A36: 11 | B36: play-in 1-1 | C36: 3 | H36: 3 | 5 | I36: 8 | 11
A37: 13 | B37: play-in 0-0 | C37: 1 | D37: from Adam
C38: =SUM(C25:C37) -> 131 | H38: 3 | 11 | I38: 5 | 8
H40: number 2 seed wins, direct qualification to finals
G43: Finals
H44: 1st seed reg season, 2 winners of groups, 1 wildcard winner
I46: FINALS
I47: seed number | J47: name | K47: record
I48: 1 | J48: {=XLOOKUP(I48,$A$7:$A$20,$B$7:$B$20)} -> Adam | K48: 46023
I49: 2 | J49: =XLOOKUP(I49,$A$8:$A$20,$B$8:$B$20) -> Andrew | K49: 2-0
I50: 5 | J50: =XLOOKUP(I50,$A$8:$A$20,$B$8:$B$20) -> Emanuel | K50: 0-2
I51: 4 | J51: =XLOOKUP(I51,$A$8:$A$20,$B$8:$B$20) -> Dan | K51: 46023
I54: 2 Games, first round winners get to pair with number 1 seed
I55: 1 | 2 | J55: 4 | 5
I57: 1 | 5 | J57: 2 | 4
I59: Number 2 seed wins! Great success

Sheet Matchup Metrics - Reg Season Cr
H3: check: unique bye weeks | K3: =IFERROR(__xludf.DUMMYFUNCTION("COUNTUNIQUE(K4:K53)"),13.0) -> 13 | P3: check: unique players in a week
J4: bye | K4: =IFERROR(__xludf.DUMMYFUNCTION("FILTER($X$8:$X$20, NOT(ISNUMBER(SEARCH($X$8:$X$20, TEXTJOIN("", "", TRUE, N5:O7)))))"),"sean") -> sean | L4: w1 | P4: =IFERROR(__xludf.DUMMYFUNCTION("SUMPRODUCT(1/COUNTIF(TRANSPOSE(SPLIT(TEXTJOIN("" "",TRUE,N5:O7),"" "")),TRANSPOSE(SPLIT(TEXTJOIN("" "",TRUE,N5:O7),"" ""))))"),12.0) -> 12
L5: g1 | N5: zach fred | O5: brian kevin
L6: g2 | N6: dan steve | O6: tim eric
L7: g3 | N7: andrew michael | O7: emanuel adam | X7: Games With | Y7: adam | Z7: andrew | AA7: brian | AB7: dan | AC7: emanuel | AD7: eric | AE7: fred | AF7: kevin | AG7: michael | AH7: sean | AI7: steve | AJ7: tim | AK7: zach | AL7: TOTAL GAMES
J8: bye | K8: =IFERROR(__xludf.DUMMYFUNCTION("FILTER($X$8:$X$20, NOT(ISNUMBER(SEARCH($X$8:$X$20, TEXTJOIN("", "", TRUE, N9:O11)))))"),"kevin") -> kevin | L8: w2 | P8: =IFERROR(__xludf.DUMMYFUNCTION("SUMPRODUCT(1/COUNTIF(TRANSPOSE(SPLIT(TEXTJOIN("" "",TRUE,N9:O11),"" "")),TRANSPOSE(SPLIT(TEXTJOIN("" "",TRUE,N9:O11),"" ""))))"),12.0) -> 12 | X8: adam | Y8: =COUNTIFS($N$5:$O$55,"*"&$X8&"*",$N$5:$O$55,"*"&Y$7&"*") -> 12 | Z8: =COUNTIFS($N$5:$O$55,"*"&$X8&"*",$N$5:$O$55,"*"&Z$7&"*") -> 1 | AA8: =COUNTIFS($N$5:$O$55,"*"&$X8&"*",$N$5:$O$55,"*"&AA$7&"*") -> 1 | AB8: =COUNTIFS($N$5:$O$55,"*"&$X8&"*",$N$5:$O$55,"*"&AB$7&"*") -> 1 | AC8: =COUNTIFS($N$5:$O$55,"*"&$X8&"*",$N$5:$O$55,"*"&AC$7&"*") -> 1 | AD8: =COUNTIFS($N$5:$O$55,"*"&$X8&"*",$N$5:$O$55,"*"&AD$7&"*") -> 1 | AE8: =COUNTIFS($N$5:$O$55,"*"&$X8&"*",$N$5:$O$55,"*"&AE$7&"*") -> 1 | AF8: =COUNTIFS($N$5:$O$55,"*"&$X8&"*",$N$5:$O$55,"*"&AF$7&"*") -> 1 | ... AK8: =COUNTIFS($N$5:$O$55,"*"&$X8&"*",$N$5:$O$55,"*"&AK$7&"*") -> 1 | AL8: =SUM(Y8:AK8)-12 -> 12
L9: g4 | N9: sean fred | O9: tim adam | X9: andrew | Y9: =COUNTIFS($N$5:$O$55,"*"&$X9&"*",$N$5:$O$55,"*"&Y$7&"*") -> 1 | Z9: =COUNTIFS($N$5:$O$55,"*"&$X9&"*",$N$5:$O$55,"*"&Z$7&"*") -> 12 | AA9: =COUNTIFS($N$5:$O$55,"*"&$X9&"*",$N$5:$O$55,"*"&AA$7&"*") -> 1 | AB9: =COUNTIFS($N$5:$O$55,"*"&$X9&"*",$N$5:$O$55,"*"&AB$7&"*") -> 1 | AC9: =COUNTIFS($N$5:$O$55,"*"&$X9&"*",$N$5:$O$55,"*"&AC$7&"*") -> 1 | AD9: =COUNTIFS($N$5:$O$55,"*"&$X9&"*",$N$5:$O$55,"*"&AD$7&"*") -> 1 | AE9: =COUNTIFS($N$5:$O$55,"*"&$X9&"*",$N$5:$O$55,"*"&AE$7&"*") -> 1 | AF9: =COUNTIFS($N$5:$O$55,"*"&$X9&"*",$N$5:$O$55,"*"&AF$7&"*") -> 1 | ... AK9: =COUNTIFS($N$5:$O$55,"*"&$X9&"*",$N$5:$O$55,"*"&AK$7&"*") -> 1 | AL9: =SUM(Y9:AK9)-12 -> 12
L10: g5 | N10: brian eric | O10: dan michael | X10: brian | Y10: =COUNTIFS($N$5:$O$55,"*"&$X10&"*",$N$5:$O$55,"*"&Y$7&"*") -> 1 | Z10: =COUNTIFS($N$5:$O$55,"*"&$X10&"*",$N$5:$O$55,"*"&Z$7&"*") -> 1 | AA10: =COUNTIFS($N$5:$O$55,"*"&$X10&"*",$N$5:$O$55,"*"&AA$7&"*") -> 12 | AB10: =COUNTIFS($N$5:$O$55,"*"&$X10&"*",$N$5:$O$55,"*"&AB$7&"*") -> 1 | AC10: =COUNTIFS($N$5:$O$55,"*"&$X10&"*",$N$5:$O$55,"*"&AC$7&"*") -> 1 | AD10: =COUNTIFS($N$5:$O$55,"*"&$X10&"*",$N$5:$O$55,"*"&AD$7&"*") -> 1 | AE10: =COUNTIFS($N$5:$O$55,"*"&$X10&"*",$N$5:$O$55,"*"&AE$7&"*") -> 1 | AF10: =COUNTIFS($N$5:$O$55,"*"&$X10&"*",$N$5:$O$55,"*"&AF$7&"*") -> 1 | ... AK10: =COUNTIFS($N$5:$O$55,"*"&$X10&"*",$N$5:$O$55,"*"&AK$7&"*") -> 1 | AL10: =SUM(Y10:AK10)-12 -> 12
L11: g6 | N11: zach steve | O11: andrew emanuel | X11: dan | Y11: =COUNTIFS($N$5:$O$55,"*"&$X11&"*",$N$5:$O$55,"*"&Y$7&"*") -> 1 | Z11: =COUNTIFS($N$5:$O$55,"*"&$X11&"*",$N$5:$O$55,"*"&Z$7&"*") -> 1 | AA11: =COUNTIFS($N$5:$O$55,"*"&$X11&"*",$N$5:$O$55,"*"&AA$7&"*") -> 1 | AB11: =COUNTIFS($N$5:$O$55,"*"&$X11&"*",$N$5:$O$55,"*"&AB$7&"*") -> 12 | AC11: =COUNTIFS($N$5:$O$55,"*"&$X11&"*",$N$5:$O$55,"*"&AC$7&"*") -> 1 | AD11: =COUNTIFS($N$5:$O$55,"*"&$X11&"*",$N$5:$O$55,"*"&AD$7&"*") -> 1 | AE11: =COUNTIFS($N$5:$O$55,"*"&$X11&"*",$N$5:$O$55,"*"&AE$7&"*") -> 1 | AF11: =COUNTIFS($N$5:$O$55,"*"&$X11&"*",$N$5:$O$55,"*"&AF$7&"*") -> 1 | ... AK11: =COUNTIFS($N$5:$O$55,"*"&$X11&"*",$N$5:$O$55,"*"&AK$7&"*") -> 1 | AL11: =SUM(Y11:AK11)-12 -> 12
J12: bye | K12: =IFERROR(__xludf.DUMMYFUNCTION("FILTER($X$8:$X$20, NOT(ISNUMBER(SEARCH($X$8:$X$20, TEXTJOIN("", "", TRUE, N13:O15)))))"),"eric") -> eric | L12: w3 | P12: =IFERROR(__xludf.DUMMYFUNCTION("SUMPRODUCT(1/COUNTIF(TRANSPOSE(SPLIT(TEXTJOIN("" "",TRUE,N13:O15),"" "")),TRANSPOSE(SPLIT(TEXTJOIN("" "",TRUE,N13:O15),"" ""))))"),12.0) -> 12 | X12: emanuel | Y12: =COUNTIFS($N$5:$O$55,"*"&$X12&"*",$N$5:$O$55,"*"&Y$7&"*") -> 1 | Z12: =COUNTIFS($N$5:$O$55,"*"&$X12&"*",$N$5:$O$55,"*"&Z$7&"*") -> 1 | AA12: =COUNTIFS($N$5:$O$55,"*"&$X12&"*",$N$5:$O$55,"*"&AA$7&"*") -> 1 | AB12: =COUNTIFS($N$5:$O$55,"*"&$X12&"*",$N$5:$O$55,"*"&AB$7&"*") -> 1 | AC12: =COUNTIFS($N$5:$O$55,"*"&$X12&"*",$N$5:$O$55,"*"&AC$7&"*") -> 12 | AD12: =COUNTIFS($N$5:$O$55,"*"&$X12&"*",$N$5:$O$55,"*"&AD$7&"*") -> 1 | AE12: =COUNTIFS($N$5:$O$55,"*"&$X12&"*",$N$5:$O$55,"*"&AE$7&"*") -> 1 | AF12: =COUNTIFS($N$5:$O$55,"*"&$X12&"*",$N$5:$O$55,"*"&AF$7&"*") -> 1 | ... AK12: =COUNTIFS($N$5:$O$55,"*"&$X12&"*",$N$5:$O$55,"*"&AK$7&"*") -> 1 | AL12: =SUM(Y12:AK12)-12 -> 12
L13: g7 | N13: sean kevin | O13: brian adam | X13: eric | Y13: =COUNTIFS($N$5:$O$55,"*"&$X13&"*",$N$5:$O$55,"*"&Y$7&"*") -> 1 | Z13: =COUNTIFS($N$5:$O$55,"*"&$X13&"*",$N$5:$O$55,"*"&Z$7&"*") -> 1 | AA13: =COUNTIFS($N$5:$O$55,"*"&$X13&"*",$N$5:$O$55,"*"&AA$7&"*") -> 1 | AB13: =COUNTIFS($N$5:$O$55,"*"&$X13&"*",$N$5:$O$55,"*"&AB$7&"*") -> 1 | AC13: =COUNTIFS($N$5:$O$55,"*"&$X13&"*",$N$5:$O$55,"*"&AC$7&"*") -> 1 | AD13: =COUNTIFS($N$5:$O$55,"*"&$X13&"*",$N$5:$O$55,"*"&AD$7&"*") -> 12 | AE13: =COUNTIFS($N$5:$O$55,"*"&$X13&"*",$N$5:$O$55,"*"&AE$7&"*") -> 1 | AF13: =COUNTIFS($N$5:$O$55,"*"&$X13&"*",$N$5:$O$55,"*"&AF$7&"*") -> 1 | ... AK13: =COUNTIFS($N$5:$O$55,"*"&$X13&"*",$N$5:$O$55,"*"&AK$7&"*") -> 1 | AL13: =SUM(Y13:AK13)-12 -> 12
L14: g8 | N14: zach michael | O14: tim andrew | X14: fred | Y14: =COUNTIFS($N$5:$O$55,"*"&$X14&"*",$N$5:$O$55,"*"&Y$7&"*") -> 1 | Z14: =COUNTIFS($N$5:$O$55,"*"&$X14&"*",$N$5:$O$55,"*"&Z$7&"*") -> 1 | AA14: =COUNTIFS($N$5:$O$55,"*"&$X14&"*",$N$5:$O$55,"*"&AA$7&"*") -> 1 | AB14: =COUNTIFS($N$5:$O$55,"*"&$X14&"*",$N$5:$O$55,"*"&AB$7&"*") -> 1 | AC14: =COUNTIFS($N$5:$O$55,"*"&$X14&"*",$N$5:$O$55,"*"&AC$7&"*") -> 1 | AD14: =COUNTIFS($N$5:$O$55,"*"&$X14&"*",$N$5:$O$55,"*"&AD$7&"*") -> 1 | AE14: =COUNTIFS($N$5:$O$55,"*"&$X14&"*",$N$5:$O$55,"*"&AE$7&"*") -> 12 | AF14: =COUNTIFS($N$5:$O$55,"*"&$X14&"*",$N$5:$O$55,"*"&AF$7&"*") -> 1 | ... AK14: =COUNTIFS($N$5:$O$55,"*"&$X14&"*",$N$5:$O$55,"*"&AK$7&"*") -> 1 | AL14: =SUM(Y14:AK14)-12 -> 12
L15: g9 | N15: dan emanuel | O15: steve fred | X15: kevin | Y15: =COUNTIFS($N$5:$O$55,"*"&$X15&"*",$N$5:$O$55,"*"&Y$7&"*") -> 1 | Z15: =COUNTIFS($N$5:$O$55,"*"&$X15&"*",$N$5:$O$55,"*"&Z$7&"*") -> 1 | AA15: =COUNTIFS($N$5:$O$55,"*"&$X15&"*",$N$5:$O$55,"*"&AA$7&"*") -> 1 | AB15: =COUNTIFS($N$5:$O$55,"*"&$X15&"*",$N$5:$O$55,"*"&AB$7&"*") -> 1 | AC15: =COUNTIFS($N$5:$O$55,"*"&$X15&"*",$N$5:$O$55,"*"&AC$7&"*") -> 1 | AD15: =COUNTIFS($N$5:$O$55,"*"&$X15&"*",$N$5:$O$55,"*"&AD$7&"*") -> 1 | AE15: =COUNTIFS($N$5:$O$55,"*"&$X15&"*",$N$5:$O$55,"*"&AE$7&"*") -> 1 | AF15: =COUNTIFS($N$5:$O$55,"*"&$X15&"*",$N$5:$O$55,"*"&AF$7&"*") -> 12 | ... AK15: =COUNTIFS($N$5:$O$55,"*"&$X15&"*",$N$5:$O$55,"*"&AK$7&"*") -> 1 | AL15: =SUM(Y15:AK15)-12 -> 12
J16: bye | K16: =IFERROR(__xludf.DUMMYFUNCTION("FILTER($X$8:$X$20, NOT(ISNUMBER(SEARCH($X$8:$X$20, TEXTJOIN("", "", TRUE, N17:O19)))))"),"adam") -> adam | L16: w4 | P16: =IFERROR(__xludf.DUMMYFUNCTION("SUMPRODUCT(1/COUNTIF(TRANSPOSE(SPLIT(TEXTJOIN("" "",TRUE,N17:O19),"" "")),TRANSPOSE(SPLIT(TEXTJOIN("" "",TRUE,N17:O19),"" ""))))"),12.0) -> 12 | X16: michael | Y16: =COUNTIFS($N$5:$O$55,"*"&$X16&"*",$N$5:$O$55,"*"&Y$7&"*") -> 1 | Z16: =COUNTIFS($N$5:$O$55,"*"&$X16&"*",$N$5:$O$55,"*"&Z$7&"*") -> 1 | AA16: =COUNTIFS($N$5:$O$55,"*"&$X16&"*",$N$5:$O$55,"*"&AA$7&"*") -> 1 | AB16: =COUNTIFS($N$5:$O$55,"*"&$X16&"*",$N$5:$O$55,"*"&AB$7&"*") -> 1 | AC16: =COUNTIFS($N$5:$O$55,"*"&$X16&"*",$N$5:$O$55,"*"&AC$7&"*") -> 1 | AD16: =COUNTIFS($N$5:$O$55,"*"&$X16&"*",$N$5:$O$55,"*"&AD$7&"*") -> 1 | AE16: =COUNTIFS($N$5:$O$55,"*"&$X16&"*",$N$5:$O$55,"*"&AE$7&"*") -> 1 | AF16: =COUNTIFS($N$5:$O$55,"*"&$X16&"*",$N$5:$O$55,"*"&AF$7&"*") -> 1 | ... AK16: =COUNTIFS($N$5:$O$55,"*"&$X16&"*",$N$5:$O$55,"*"&AK$7&"*") -> 1 | AL16: =SUM(Y16:AK16)-12 -> 12
L17: g10 | N17: eric kevin | O17: zach emanuel | X17: sean | Y17: =COUNTIFS($N$5:$O$55,"*"&$X17&"*",$N$5:$O$55,"*"&Y$7&"*") -> 1 | Z17: =COUNTIFS($N$5:$O$55,"*"&$X17&"*",$N$5:$O$55,"*"&Z$7&"*") -> 1 | AA17: =COUNTIFS($N$5:$O$55,"*"&$X17&"*",$N$5:$O$55,"*"&AA$7&"*") -> 1 | AB17: =COUNTIFS($N$5:$O$55,"*"&$X17&"*",$N$5:$O$55,"*"&AB$7&"*") -> 1 | AC17: =COUNTIFS($N$5:$O$55,"*"&$X17&"*",$N$5:$O$55,"*"&AC$7&"*") -> 1 | AD17: =COUNTIFS($N$5:$O$55,"*"&$X17&"*",$N$5:$O$55,"*"&AD$7&"*") -> 1 | AE17: =COUNTIFS($N$5:$O$55,"*"&$X17&"*",$N$5:$O$55,"*"&AE$7&"*") -> 1 | AF17: =COUNTIFS($N$5:$O$55,"*"&$X17&"*",$N$5:$O$55,"*"&AF$7&"*") -> 1 | ... AK17: =COUNTIFS($N$5:$O$55,"*"&$X17&"*",$N$5:$O$55,"*"&AK$7&"*") -> 1 | AL17: =SUM(Y17:AK17)-12 -> 12
L18: g11 | N18: sean steve | O18: brian andrew | X18: steve | Y18: =COUNTIFS($N$5:$O$55,"*"&$X18&"*",$N$5:$O$55,"*"&Y$7&"*") -> 1 | Z18: =COUNTIFS($N$5:$O$55,"*"&$X18&"*",$N$5:$O$55,"*"&Z$7&"*") -> 1 | AA18: =COUNTIFS($N$5:$O$55,"*"&$X18&"*",$N$5:$O$55,"*"&AA$7&"*") -> 1 | AB18: =COUNTIFS($N$5:$O$55,"*"&$X18&"*",$N$5:$O$55,"*"&AB$7&"*") -> 1 | AC18: =COUNTIFS($N$5:$O$55,"*"&$X18&"*",$N$5:$O$55,"*"&AC$7&"*") -> 1 | AD18: =COUNTIFS($N$5:$O$55,"*"&$X18&"*",$N$5:$O$55,"*"&AD$7&"*") -> 1 | AE18: =COUNTIFS($N$5:$O$55,"*"&$X18&"*",$N$5:$O$55,"*"&AE$7&"*") -> 1 | AF18: =COUNTIFS($N$5:$O$55,"*"&$X18&"*",$N$5:$O$55,"*"&AF$7&"*") -> 1 | ... AK18: =COUNTIFS($N$5:$O$55,"*"&$X18&"*",$N$5:$O$55,"*"&AK$7&"*") -> 1 | AL18: =SUM(Y18:AK18)-12 -> 12
L19: g12 | N19: dan tim | O19: michael fred | X19: tim | Y19: =COUNTIFS($N$5:$O$55,"*"&$X19&"*",$N$5:$O$55,"*"&Y$7&"*") -> 1 | Z19: =COUNTIFS($N$5:$O$55,"*"&$X19&"*",$N$5:$O$55,"*"&Z$7&"*") -> 1 | AA19: =COUNTIFS($N$5:$O$55,"*"&$X19&"*",$N$5:$O$55,"*"&AA$7&"*") -> 1 | AB19: =COUNTIFS($N$5:$O$55,"*"&$X19&"*",$N$5:$O$55,"*"&AB$7&"*") -> 1 | AC19: =COUNTIFS($N$5:$O$55,"*"&$X19&"*",$N$5:$O$55,"*"&AC$7&"*") -> 1 | AD19: =COUNTIFS($N$5:$O$55,"*"&$X19&"*",$N$5:$O$55,"*"&AD$7&"*") -> 1 | AE19: =COUNTIFS($N$5:$O$55,"*"&$X19&"*",$N$5:$O$55,"*"&AE$7&"*") -> 1 | AF19: =COUNTIFS($N$5:$O$55,"*"&$X19&"*",$N$5:$O$55,"*"&AF$7&"*") -> 1 | ... AK19: =COUNTIFS($N$5:$O$55,"*"&$X19&"*",$N$5:$O$55,"*"&AK$7&"*") -> 1 | AL19: =SUM(Y19:AK19)-12 -> 12
J20: bye | K20: =IFERROR(__xludf.DUMMYFUNCTION("FILTER($X$8:$X$20, NOT(ISNUMBER(SEARCH($X$8:$X$20, TEXTJOIN("", "", TRUE, N21:O23)))))"),"andrew") -> andrew | L20: w5 | P20: =IFERROR(__xludf.DUMMYFUNCTION("SUMPRODUCT(1/COUNTIF(TRANSPOSE(SPLIT(TEXTJOIN("" "",TRUE,N21:O23),"" "")),TRANSPOSE(SPLIT(TEXTJOIN("" "",TRUE,N21:O23),"" ""))))"),12.0) -> 12 | X20: zach | Y20: =COUNTIFS($N$5:$O$55,"*"&$X20&"*",$N$5:$O$55,"*"&Y$7&"*") -> 1 | Z20: =COUNTIFS($N$5:$O$55,"*"&$X20&"*",$N$5:$O$55,"*"&Z$7&"*") -> 1 | AA20: =COUNTIFS($N$5:$O$55,"*"&$X20&"*",$N$5:$O$55,"*"&AA$7&"*") -> 1 | AB20: =COUNTIFS($N$5:$O$55,"*"&$X20&"*",$N$5:$O$55,"*"&AB$7&"*") -> 1 | AC20: =COUNTIFS($N$5:$O$55,"*"&$X20&"*",$N$5:$O$55,"*"&AC$7&"*") -> 1 | AD20: =COUNTIFS($N$5:$O$55,"*"&$X20&"*",$N$5:$O$55,"*"&AD$7&"*") -> 1 | AE20: =COUNTIFS($N$5:$O$55,"*"&$X20&"*",$N$5:$O$55,"*"&AE$7&"*") -> 1 | AF20: =COUNTIFS($N$5:$O$55,"*"&$X20&"*",$N$5:$O$55,"*"&AF$7&"*") -> 1 | ... AK20: =COUNTIFS($N$5:$O$55,"*"&$X20&"*",$N$5:$O$55,"*"&AK$7&"*") -> 12 | AL20: =SUM(Y20:AK20)-12 -> 12
L21: g13 | N21: sean eric | O21: emanuel fred
L22: g14 | N22: adam kevin | O22: michael steve | V22: NFL Strength of Schedule | X22: Games Against | Y22: adam | Z22: andrew | AA22: brian | AB22: dan | AC22: emanuel | AD22: eric | AE22: fred | AF22: kevin | AG22: michael | AH22: sean | AI22: steve | AJ22: tim | AK22: zach
L23: g15 | N23: zach tim | O23: brian dan | W23: =SUMPRODUCT(Y23:AK23, TRANSPOSE($Y$41:$Y$53)) / (8 * SUM(Y23:AK23)) -> 0.46354167 | X23: adam | Y23: =COUNTIFS($N$4:$N$49, "*" &$X23 & "*", $O$4:$O$49, "*" & Y$22 & "*")+COUNTIFS($O$4:$O$49, "*" & $X23 & "*", $N$4:$N$49, "*" & Y$22 & "*") -> 0 | Z23: =COUNTIFS($N$4:$N$55, "*" &$X23 & "*", $O$4:$O$55, "*" & Z$22 & "*")+COUNTIFS($O$4:$O$55, "*" & $X23 & "*", $N$4:$N$55, "*" & Z$22 & "*") -> 2 | AA23: =COUNTIFS($N$4:$N$55, "*" &$X23 & "*", $O$4:$O$55, "*" & AA$22 & "*")+COUNTIFS($O$4:$O$55, "*" & $X23 & "*", $N$4:$N$55, "*" & AA$22 & "*") -> 1 | AB23: =COUNTIFS($N$4:$N$55, "*" &$X23 & "*", $O$4:$O$55, "*" & AB$22 & "*")+COUNTIFS($O$4:$O$55, "*" & $X23 & "*", $N$4:$N$55, "*" & AB$22 & "*") -> 3 | AC23: =COUNTIFS($N$4:$N$55, "*" &$X23 & "*", $O$4:$O$55, "*" & AC$22 & "*")+COUNTIFS($O$4:$O$55, "*" & $X23 & "*", $N$4:$N$55, "*" & AC$22 & "*") -> 1 | AD23: =COUNTIFS($N$4:$N$55, "*" &$X23 & "*", $O$4:$O$55, "*" & AD$22 & "*")+COUNTIFS($O$4:$O$55, "*" & $X23 & "*", $N$4:$N$55, "*" & AD$22 & "*") -> 3 | AE23: =COUNTIFS($N$4:$N$55, "*" &$X23 & "*", $O$4:$O$55, "*" & AE$22 & "*")+COUNTIFS($O$4:$O$55, "*" & $X23 & "*", $N$4:$N$55, "*" & AE$22 & "*") -> 2 | AF23: =COUNTIFS($N$4:$N$55, "*" &$X23 & "*", $O$4:$O$55, "*" & AF$22 & "*")+COUNTIFS($O$4:$O$55, "*" & $X23 & "*", $N$4:$N$55, "*" & AF$22 & "*") -> 2 | AG23: =COUNTIFS($N$4:$N$55, "*" &$X23 & "*", $O$4:$O$55, "*" & AG$22 & "*")+COUNTIFS($O$4:$O$55, "*" & $X23 & "*", $N$4:$N$55, "*" & AG$22 & "*") -> 2 | ... AK23: =COUNTIFS($N$4:$N$55, "*" &$X23 & "*", $O$4:$O$55, "*" & AK$22 & "*")+COUNTIFS($O$4:$O$55, "*" & $X23 & "*", $N$4:$N$55, "*" & AK$22 & "*") -> 2
J24: bye | K24: =IFERROR(__xludf.DUMMYFUNCTION("FILTER($X$8:$X$20, NOT(ISNUMBER(SEARCH($X$8:$X$20, TEXTJOIN("", "", TRUE, N25:O27)))))"),"dan") -> dan | L24: w6 | P24: =IFERROR(__xludf.DUMMYFUNCTION("SUMPRODUCT(1/COUNTIF(TRANSPOSE(SPLIT(TEXTJOIN("" "",TRUE,N25:O27),"" "")),TRANSPOSE(SPLIT(TEXTJOIN("" "",TRUE,N25:O27),"" ""))))"),12.0) -> 12 | W24: =SUMPRODUCT(Y24:AK24, TRANSPOSE($Y$41:$Y$53)) / (8 * SUM(Y24:AK24)) -> 0.47395833 | X24: andrew | Y24: =COUNTIFS($N$4:$N$55, "*" &$X24 & "*", $O$4:$O$55, "*" & Y$22 & "*")+COUNTIFS($O$4:$O$55, "*" & $X24 & "*", $N$4:$N$55, "*" & Y$22 & "*") -> 2 | Z24: =COUNTIFS($N$4:$N$55, "*" &$X24 & "*", $O$4:$O$55, "*" & Z$22 & "*")+COUNTIFS($O$4:$O$55, "*" & $X24 & "*", $N$4:$N$55, "*" & Z$22 & "*") -> 0 | AA24: =COUNTIFS($N$4:$N$55, "*" &$X24 & "*", $O$4:$O$55, "*" & AA$22 & "*")+COUNTIFS($O$4:$O$55, "*" & $X24 & "*", $N$4:$N$55, "*" & AA$22 & "*") -> 2 | AB24: =COUNTIFS($N$4:$N$55, "*" &$X24 & "*", $O$4:$O$55, "*" & AB$22 & "*")+COUNTIFS($O$4:$O$55, "*" & $X24 & "*", $N$4:$N$55, "*" & AB$22 & "*") -> 1 | AC24: =COUNTIFS($N$4:$N$55, "*" &$X24 & "*", $O$4:$O$55, "*" & AC$22 & "*")+COUNTIFS($O$4:$O$55, "*" & $X24 & "*", $N$4:$N$55, "*" & AC$22 & "*") -> 3 | AD24: =COUNTIFS($N$4:$N$55, "*" &$X24 & "*", $O$4:$O$55, "*" & AD$22 & "*")+COUNTIFS($O$4:$O$55, "*" & $X24 & "*", $N$4:$N$55, "*" & AD$22 & "*") -> 2 | AE24: =COUNTIFS($N$4:$N$55, "*" &$X24 & "*", $O$4:$O$55, "*" & AE$22 & "*")+COUNTIFS($O$4:$O$55, "*" & $X24 & "*", $N$4:$N$55, "*" & AE$22 & "*") -> 1 | AF24: =COUNTIFS($N$4:$N$55, "*" &$X24 & "*", $O$4:$O$55, "*" & AF$22 & "*")+COUNTIFS($O$4:$O$55, "*" & $X24 & "*", $N$4:$N$55, "*" & AF$22 & "*") -> 1 | ... AK24: =COUNTIFS($N$4:$N$55, "*" &$X24 & "*", $O$4:$O$55, "*" & AK$22 & "*")+COUNTIFS($O$4:$O$55, "*" & $X24 & "*", $N$4:$N$55, "*" & AK$22 & "*") -> 3
L25: g16 | N25: andrew kevin | O25: tim fred | W25: =SUMPRODUCT(Y25:AK25, TRANSPOSE($Y$41:$Y$53)) / (8 * SUM(Y25:AK25)) -> 0.44791667 | X25: brian | Y25: =COUNTIFS($N$4:$N$55, "*" &$X25 & "*", $O$4:$O$55, "*" & Y$22 & "*")+COUNTIFS($O$4:$O$55, "*" & $X25 & "*", $N$4:$N$55, "*" & Y$22 & "*") -> 1 | Z25: =COUNTIFS($N$4:$N$55, "*" &$X25 & "*", $O$4:$O$55, "*" & Z$22 & "*")+COUNTIFS($O$4:$O$55, "*" & $X25 & "*", $N$4:$N$55, "*" & Z$22 & "*") -> 2 | AA25: =COUNTIFS($N$4:$N$55, "*" &$X25 & "*", $O$4:$O$55, "*" & AA$22 & "*")+COUNTIFS($O$4:$O$55, "*" & $X25 & "*", $N$4:$N$55, "*" & AA$22 & "*") -> 0 | AB25: =COUNTIFS($N$4:$N$55, "*" &$X25 & "*", $O$4:$O$55, "*" & AB$22 & "*")+COUNTIFS($O$4:$O$55, "*" & $X25 & "*", $N$4:$N$55, "*" & AB$22 & "*") -> 2 | AC25: =COUNTIFS($N$4:$N$55, "*" &$X25 & "*", $O$4:$O$55, "*" & AC$22 & "*")+COUNTIFS($O$4:$O$55, "*" & $X25 & "*", $N$4:$N$55, "*" & AC$22 & "*") -> 2 | AD25: =COUNTIFS($N$4:$N$55, "*" &$X25 & "*", $O$4:$O$55, "*" & AD$22 & "*")+COUNTIFS($O$4:$O$55, "*" & $X25 & "*", $N$4:$N$55, "*" & AD$22 & "*") -> 2 | AE25: =COUNTIFS($N$4:$N$55, "*" &$X25 & "*", $O$4:$O$55, "*" & AE$22 & "*")+COUNTIFS($O$4:$O$55, "*" & $X25 & "*", $N$4:$N$55, "*" & AE$22 & "*") -> 2 | AF25: =COUNTIFS($N$4:$N$55, "*" &$X25 & "*", $O$4:$O$55, "*" & AF$22 & "*")+COUNTIFS($O$4:$O$55, "*" & $X25 & "*", $N$4:$N$55, "*" & AF$22 & "*") -> 2 | ... AK25: =COUNTIFS($N$4:$N$55, "*" &$X25 & "*", $O$4:$O$55, "*" & AK$22 & "*")+COUNTIFS($O$4:$O$55, "*" & $X25 & "*", $N$4:$N$55, "*" & AK$22 & "*") -> 3
L26: g17 | N26: adam eric | O26: zach brian | W26: =SUMPRODUCT(Y26:AK26, TRANSPOSE($Y$41:$Y$53)) / (8 * SUM(Y26:AK26)) -> 0.44791667 | X26: dan | Y26: =COUNTIFS($N$4:$N$55, "*" &$X26 & "*", $O$4:$O$55, "*" & Y$22 & "*")+COUNTIFS($O$4:$O$55, "*" & $X26 & "*", $N$4:$N$55, "*" & Y$22 & "*") -> 3 | Z26: =COUNTIFS($N$4:$N$55, "*" &$X26 & "*", $O$4:$O$55, "*" & Z$22 & "*")+COUNTIFS($O$4:$O$55, "*" & $X26 & "*", $N$4:$N$55, "*" & Z$22 & "*") -> 1 | AA26: =COUNTIFS($N$4:$N$55, "*" &$X26 & "*", $O$4:$O$55, "*" & AA$22 & "*")+COUNTIFS($O$4:$O$55, "*" & $X26 & "*", $N$4:$N$55, "*" & AA$22 & "*") -> 2 | AB26: =COUNTIFS($N$4:$N$55, "*" &$X26 & "*", $O$4:$O$55, "*" & AB$22 & "*")+COUNTIFS($O$4:$O$55, "*" & $X26 & "*", $N$4:$N$55, "*" & AB$22 & "*") -> 0 | AC26: =COUNTIFS($N$4:$N$55, "*" &$X26 & "*", $O$4:$O$55, "*" & AC$22 & "*")+COUNTIFS($O$4:$O$55, "*" & $X26 & "*", $N$4:$N$55, "*" & AC$22 & "*") -> 2 | AD26: =COUNTIFS($N$4:$N$55, "*" &$X26 & "*", $O$4:$O$55, "*" & AD$22 & "*")+COUNTIFS($O$4:$O$55, "*" & $X26 & "*", $N$4:$N$55, "*" & AD$22 & "*") -> 2 | AE26: =COUNTIFS($N$4:$N$55, "*" &$X26 & "*", $O$4:$O$55, "*" & AE$22 & "*")+COUNTIFS($O$4:$O$55, "*" & $X26 & "*", $N$4:$N$55, "*" & AE$22 & "*") -> 2 | AF26: =COUNTIFS($N$4:$N$55, "*" &$X26 & "*", $O$4:$O$55, "*" & AF$22 & "*")+COUNTIFS($O$4:$O$55, "*" & $X26 & "*", $N$4:$N$55, "*" & AF$22 & "*") -> 1 | ... AK26: =COUNTIFS($N$4:$N$55, "*" &$X26 & "*", $O$4:$O$55, "*" & AK$22 & "*")+COUNTIFS($O$4:$O$55, "*" & $X26 & "*", $N$4:$N$55, "*" & AK$22 & "*") -> 2
L27: g18 | N27: sean michael | O27: emanuel steve | W27: =SUMPRODUCT(Y27:AK27, TRANSPOSE($Y$41:$Y$53)) / (8 * SUM(Y27:AK27)) -> 0.4375 | X27: emanuel | Y27: =COUNTIFS($N$4:$N$55, "*" &$X27 & "*", $O$4:$O$55, "*" & Y$22 & "*")+COUNTIFS($O$4:$O$55, "*" & $X27 & "*", $N$4:$N$55, "*" & Y$22 & "*") -> 1 | Z27: =COUNTIFS($N$4:$N$55, "*" &$X27 & "*", $O$4:$O$55, "*" & Z$22 & "*")+COUNTIFS($O$4:$O$55, "*" & $X27 & "*", $N$4:$N$55, "*" & Z$22 & "*") -> 3 | AA27: =COUNTIFS($N$4:$N$55, "*" &$X27 & "*", $O$4:$O$55, "*" & AA$22 & "*")+COUNTIFS($O$4:$O$55, "*" & $X27 & "*", $N$4:$N$55, "*" & AA$22 & "*") -> 2 | AB27: =COUNTIFS($N$4:$N$55, "*" &$X27 & "*", $O$4:$O$55, "*" & AB$22 & "*")+COUNTIFS($O$4:$O$55, "*" & $X27 & "*", $N$4:$N$55, "*" & AB$22 & "*") -> 2 | AC27: =COUNTIFS($N$4:$N$55, "*" &$X27 & "*", $O$4:$O$55, "*" & AC$22 & "*")+COUNTIFS($O$4:$O$55, "*" & $X27 & "*", $N$4:$N$55, "*" & AC$22 & "*") -> 0 | AD27: =COUNTIFS($N$4:$N$55, "*" &$X27 & "*", $O$4:$O$55, "*" & AD$22 & "*")+COUNTIFS($O$4:$O$55, "*" & $X27 & "*", $N$4:$N$55, "*" & AD$22 & "*") -> 2 | AE27: =COUNTIFS($N$4:$N$55, "*" &$X27 & "*", $O$4:$O$55, "*" & AE$22 & "*")+COUNTIFS($O$4:$O$55, "*" & $X27 & "*", $N$4:$N$55, "*" & AE$22 & "*") -> 3 | AF27: =COUNTIFS($N$4:$N$55, "*" &$X27 & "*", $O$4:$O$55, "*" & AF$22 & "*")+COUNTIFS($O$4:$O$55, "*" & $X27 & "*", $N$4:$N$55, "*" & AF$22 & "*") -> 2 | ... AK27: =COUNTIFS($N$4:$N$55, "*" &$X27 & "*", $O$4:$O$55, "*" & AK$22 & "*")+COUNTIFS($O$4:$O$55, "*" & $X27 & "*", $N$4:$N$55, "*" & AK$22 & "*") -> 1
J28: bye | K28: =IFERROR(__xludf.DUMMYFUNCTION("FILTER($X$8:$X$20, NOT(ISNUMBER(SEARCH($X$8:$X$20, TEXTJOIN("", "", TRUE, N29:O31)))))"),"zach") -> zach | L28: w7 | P28: =IFERROR(__xludf.DUMMYFUNCTION("SUMPRODUCT(1/COUNTIF(TRANSPOSE(SPLIT(TEXTJOIN("" "",TRUE,N29:O31),"" "")),TRANSPOSE(SPLIT(TEXTJOIN("" "",TRUE,N29:O31),"" ""))))"),12.0) -> 12 | W28: =SUMPRODUCT(Y28:AK28, TRANSPOSE($Y$41:$Y$53)) / (8 * SUM(Y28:AK28)) -> 0.47395833 | X28: eric | Y28: =COUNTIFS($N$4:$N$55, "*" &$X28 & "*", $O$4:$O$55, "*" & Y$22 & "*")+COUNTIFS($O$4:$O$55, "*" & $X28 & "*", $N$4:$N$55, "*" & Y$22 & "*") -> 3 | Z28: =COUNTIFS($N$4:$N$55, "*" &$X28 & "*", $O$4:$O$55, "*" & Z$22 & "*")+COUNTIFS($O$4:$O$55, "*" & $X28 & "*", $N$4:$N$55, "*" & Z$22 & "*") -> 2 | AA28: =COUNTIFS($N$4:$N$55, "*" &$X28 & "*", $O$4:$O$55, "*" & AA$22 & "*")+COUNTIFS($O$4:$O$55, "*" & $X28 & "*", $N$4:$N$55, "*" & AA$22 & "*") -> 2 | AB28: =COUNTIFS($N$4:$N$55, "*" &$X28 & "*", $O$4:$O$55, "*" & AB$22 & "*")+COUNTIFS($O$4:$O$55, "*" & $X28 & "*", $N$4:$N$55, "*" & AB$22 & "*") -> 2 | AC28: =COUNTIFS($N$4:$N$55, "*" &$X28 & "*", $O$4:$O$55, "*" & AC$22 & "*")+COUNTIFS($O$4:$O$55, "*" & $X28 & "*", $N$4:$N$55, "*" & AC$22 & "*") -> 2 | AD28: =COUNTIFS($N$4:$N$55, "*" &$X28 & "*", $O$4:$O$55, "*" & AD$22 & "*")+COUNTIFS($O$4:$O$55, "*" & $X28 & "*", $N$4:$N$55, "*" & AD$22 & "*") -> 0 | AE28: =COUNTIFS($N$4:$N$55, "*" &$X28 & "*", $O$4:$O$55, "*" & AE$22 & "*")+COUNTIFS($O$4:$O$55, "*" & $X28 & "*", $N$4:$N$55, "*" & AE$22 & "*") -> 2 | AF28: =COUNTIFS($N$4:$N$55, "*" &$X28 & "*", $O$4:$O$55, "*" & AF$22 & "*")+COUNTIFS($O$4:$O$55, "*" & $X28 & "*", $N$4:$N$55, "*" & AF$22 & "*") -> 1 | ... AK28: =COUNTIFS($N$4:$N$55, "*" &$X28 & "*", $O$4:$O$55, "*" & AK$22 & "*")+COUNTIFS($O$4:$O$55, "*" & $X28 & "*", $N$4:$N$55, "*" & AK$22 & "*") -> 3
L29: g19 | N29: sean adam | O29: dan kevin | W29: =SUMPRODUCT(Y29:AK29, TRANSPOSE($Y$41:$Y$53)) / (8 * SUM(Y29:AK29)) -> 0.47395833 | X29: fred | Y29: =COUNTIFS($N$4:$N$55, "*" &$X29 & "*", $O$4:$O$55, "*" & Y$22 & "*")+COUNTIFS($O$4:$O$55, "*" & $X29 & "*", $N$4:$N$55, "*" & Y$22 & "*") -> 2 | Z29: =COUNTIFS($N$4:$N$55, "*" &$X29 & "*", $O$4:$O$55, "*" & Z$22 & "*")+COUNTIFS($O$4:$O$55, "*" & $X29 & "*", $N$4:$N$55, "*" & Z$22 & "*") -> 1 | AA29: =COUNTIFS($N$4:$N$55, "*" &$X29 & "*", $O$4:$O$55, "*" & AA$22 & "*")+COUNTIFS($O$4:$O$55, "*" & $X29 & "*", $N$4:$N$55, "*" & AA$22 & "*") -> 2 | AB29: =COUNTIFS($N$4:$N$55, "*" &$X29 & "*", $O$4:$O$55, "*" & AB$22 & "*")+COUNTIFS($O$4:$O$55, "*" & $X29 & "*", $N$4:$N$55, "*" & AB$22 & "*") -> 2 | AC29: =COUNTIFS($N$4:$N$55, "*" &$X29 & "*", $O$4:$O$55, "*" & AC$22 & "*")+COUNTIFS($O$4:$O$55, "*" & $X29 & "*", $N$4:$N$55, "*" & AC$22 & "*") -> 3 | AD29: =COUNTIFS($N$4:$N$55, "*" &$X29 & "*", $O$4:$O$55, "*" & AD$22 & "*")+COUNTIFS($O$4:$O$55, "*" & $X29 & "*", $N$4:$N$55, "*" & AD$22 & "*") -> 2 | AE29: =COUNTIFS($N$4:$N$55, "*" &$X29 & "*", $O$4:$O$55, "*" & AE$22 & "*")+COUNTIFS($O$4:$O$55, "*" & $X29 & "*", $N$4:$N$55, "*" & AE$22 & "*") -> 0 | AF29: =COUNTIFS($N$4:$N$55, "*" &$X29 & "*", $O$4:$O$55, "*" & AF$22 & "*")+COUNTIFS($O$4:$O$55, "*" & $X29 & "*", $N$4:$N$55, "*" & AF$22 & "*") -> 3 | ... AK29: =COUNTIFS($N$4:$N$55, "*" &$X29 & "*", $O$4:$O$55, "*" & AK$22 & "*")+COUNTIFS($O$4:$O$55, "*" & $X29 & "*", $N$4:$N$55, "*" & AK$22 & "*") -> 2
L30: g20 | N30: andrew eric | O30: tim steve | W30: =SUMPRODUCT(Y30:AK30, TRANSPOSE($Y$41:$Y$53)) / (8 * SUM(Y30:AK30)) -> 0.44270833 | X30: kevin | Y30: =COUNTIFS($N$4:$N$55, "*" &$X30 & "*", $O$4:$O$55, "*" & Y$22 & "*")+COUNTIFS($O$4:$O$55, "*" & $X30 & "*", $N$4:$N$55, "*" & Y$22 & "*") -> 2 | Z30: =COUNTIFS($N$4:$N$55, "*" &$X30 & "*", $O$4:$O$55, "*" & Z$22 & "*")+COUNTIFS($O$4:$O$55, "*" & $X30 & "*", $N$4:$N$55, "*" & Z$22 & "*") -> 1 | AA30: =COUNTIFS($N$4:$N$55, "*" &$X30 & "*", $O$4:$O$55, "*" & AA$22 & "*")+COUNTIFS($O$4:$O$55, "*" & $X30 & "*", $N$4:$N$55, "*" & AA$22 & "*") -> 2 | AB30: =COUNTIFS($N$4:$N$55, "*" &$X30 & "*", $O$4:$O$55, "*" & AB$22 & "*")+COUNTIFS($O$4:$O$55, "*" & $X30 & "*", $N$4:$N$55, "*" & AB$22 & "*") -> 1 | AC30: =COUNTIFS($N$4:$N$55, "*" &$X30 & "*", $O$4:$O$55, "*" & AC$22 & "*")+COUNTIFS($O$4:$O$55, "*" & $X30 & "*", $N$4:$N$55, "*" & AC$22 & "*") -> 2 | AD30: =COUNTIFS($N$4:$N$55, "*" &$X30 & "*", $O$4:$O$55, "*" & AD$22 & "*")+COUNTIFS($O$4:$O$55, "*" & $X30 & "*", $N$4:$N$55, "*" & AD$22 & "*") -> 1 | AE30: =COUNTIFS($N$4:$N$55, "*" &$X30 & "*", $O$4:$O$55, "*" & AE$22 & "*")+COUNTIFS($O$4:$O$55, "*" & $X30 & "*", $N$4:$N$55, "*" & AE$22 & "*") -> 3 | AF30: =COUNTIFS($N$4:$N$55, "*" &$X30 & "*", $O$4:$O$55, "*" & AF$22 & "*")+COUNTIFS($O$4:$O$55, "*" & $X30 & "*", $N$4:$N$55, "*" & AF$22 & "*") -> 0 | ... AK30: =COUNTIFS($N$4:$N$55, "*" &$X30 & "*", $O$4:$O$55, "*" & AK$22 & "*")+COUNTIFS($O$4:$O$55, "*" & $X30 & "*", $N$4:$N$55, "*" & AK$22 & "*") -> 2
L31: g21 | N31: brian fred | O31: emanuel michael | W31: =SUMPRODUCT(Y31:AK31, TRANSPOSE($Y$41:$Y$53)) / (8 * SUM(Y31:AK31)) -> 0.44791667 | X31: michael | Y31: =COUNTIFS($N$4:$N$55, "*" &$X31 & "*", $O$4:$O$55, "*" & Y$22 & "*")+COUNTIFS($O$4:$O$55, "*" & $X31 & "*", $N$4:$N$55, "*" & Y$22 & "*") -> 2 | Z31: =COUNTIFS($N$4:$N$55, "*" &$X31 & "*", $O$4:$O$55, "*" & Z$22 & "*")+COUNTIFS($O$4:$O$55, "*" & $X31 & "*", $N$4:$N$55, "*" & Z$22 & "*") -> 2 | AA31: =COUNTIFS($N$4:$N$55, "*" &$X31 & "*", $O$4:$O$55, "*" & AA$22 & "*")+COUNTIFS($O$4:$O$55, "*" & $X31 & "*", $N$4:$N$55, "*" & AA$22 & "*") -> 3 | AB31: =COUNTIFS($N$4:$N$55, "*" &$X31 & "*", $O$4:$O$55, "*" & AB$22 & "*")+COUNTIFS($O$4:$O$55, "*" & $X31 & "*", $N$4:$N$55, "*" & AB$22 & "*") -> 2 | AC31: =COUNTIFS($N$4:$N$55, "*" &$X31 & "*", $O$4:$O$55, "*" & AC$22 & "*")+COUNTIFS($O$4:$O$55, "*" & $X31 & "*", $N$4:$N$55, "*" & AC$22 & "*") -> 2 | AD31: =COUNTIFS($N$4:$N$55, "*" &$X31 & "*", $O$4:$O$55, "*" & AD$22 & "*")+COUNTIFS($O$4:$O$55, "*" & $X31 & "*", $N$4:$N$55, "*" & AD$22 & "*") -> 1 | AE31: =COUNTIFS($N$4:$N$55, "*" &$X31 & "*", $O$4:$O$55, "*" & AE$22 & "*")+COUNTIFS($O$4:$O$55, "*" & $X31 & "*", $N$4:$N$55, "*" & AE$22 & "*") -> 2 | AF31: =COUNTIFS($N$4:$N$55, "*" &$X31 & "*", $O$4:$O$55, "*" & AF$22 & "*")+COUNTIFS($O$4:$O$55, "*" & $X31 & "*", $N$4:$N$55, "*" & AF$22 & "*") -> 3 | ... AK31: =COUNTIFS($N$4:$N$55, "*" &$X31 & "*", $O$4:$O$55, "*" & AK$22 & "*")+COUNTIFS($O$4:$O$55, "*" & $X31 & "*", $N$4:$N$55, "*" & AK$22 & "*") -> 1
J32: bye | K32: =IFERROR(__xludf.DUMMYFUNCTION("FILTER($X$8:$X$20, NOT(ISNUMBER(SEARCH($X$8:$X$20, TEXTJOIN("", "", TRUE, N33:O35)))))"),"fred") -> fred | L32: w8 | P32: =IFERROR(__xludf.DUMMYFUNCTION("SUMPRODUCT(1/COUNTIF(TRANSPOSE(SPLIT(TEXTJOIN("" "",TRUE,N33:O35),"" "")),TRANSPOSE(SPLIT(TEXTJOIN("" "",TRUE,N33:O35),"" ""))))"),12.0) -> 12 | W32: =SUMPRODUCT(Y32:AK32, TRANSPOSE($Y$41:$Y$53)) / (8 * SUM(Y32:AK32)) -> 0.44791667 | X32: sean | Y32: =COUNTIFS($N$4:$N$55, "*" &$X32 & "*", $O$4:$O$55, "*" & Y$22 & "*")+COUNTIFS($O$4:$O$55, "*" & $X32 & "*", $N$4:$N$55, "*" & Y$22 & "*") -> 2 | Z32: =COUNTIFS($N$4:$N$55, "*" &$X32 & "*", $O$4:$O$55, "*" & Z$22 & "*")+COUNTIFS($O$4:$O$55, "*" & $X32 & "*", $N$4:$N$55, "*" & Z$22 & "*") -> 1 | AA32: =COUNTIFS($N$4:$N$55, "*" &$X32 & "*", $O$4:$O$55, "*" & AA$22 & "*")+COUNTIFS($O$4:$O$55, "*" & $X32 & "*", $N$4:$N$55, "*" & AA$22 & "*") -> 3 | AB32: =COUNTIFS($N$4:$N$55, "*" &$X32 & "*", $O$4:$O$55, "*" & AB$22 & "*")+COUNTIFS($O$4:$O$55, "*" & $X32 & "*", $N$4:$N$55, "*" & AB$22 & "*") -> 2 | AC32: =COUNTIFS($N$4:$N$55, "*" &$X32 & "*", $O$4:$O$55, "*" & AC$22 & "*")+COUNTIFS($O$4:$O$55, "*" & $X32 & "*", $N$4:$N$55, "*" & AC$22 & "*") -> 2 | AD32: =COUNTIFS($N$4:$N$55, "*" &$X32 & "*", $O$4:$O$55, "*" & AD$22 & "*")+COUNTIFS($O$4:$O$55, "*" & $X32 & "*", $N$4:$N$55, "*" & AD$22 & "*") -> 2 | AE32: =COUNTIFS($N$4:$N$55, "*" &$X32 & "*", $O$4:$O$55, "*" & AE$22 & "*")+COUNTIFS($O$4:$O$55, "*" & $X32 & "*", $N$4:$N$55, "*" & AE$22 & "*") -> 2 | AF32: =COUNTIFS($N$4:$N$55, "*" &$X32 & "*", $O$4:$O$55, "*" & AF$22 & "*")+COUNTIFS($O$4:$O$55, "*" & $X32 & "*", $N$4:$N$55, "*" & AF$22 & "*") -> 3 | ... AK32: =COUNTIFS($N$4:$N$55, "*" &$X32 & "*", $O$4:$O$55, "*" & AK$22 & "*")+COUNTIFS($O$4:$O$55, "*" & $X32 & "*", $N$4:$N$55, "*" & AK$22 & "*") -> 1
L33: g22 | N33: brian steve | O33: sean emanuel | W33: =SUMPRODUCT(Y33:AK33, TRANSPOSE($Y$41:$Y$53)) / (8 * SUM(Y33:AK33)) -> 0.43229167 | X33: steve | Y33: =COUNTIFS($N$4:$N$55, "*" &$X33 & "*", $O$4:$O$55, "*" & Y$22 & "*")+COUNTIFS($O$4:$O$55, "*" & $X33 & "*", $N$4:$N$55, "*" & Y$22 & "*") -> 3 | Z33: =COUNTIFS($N$4:$N$55, "*" &$X33 & "*", $O$4:$O$55, "*" & Z$22 & "*")+COUNTIFS($O$4:$O$55, "*" & $X33 & "*", $N$4:$N$55, "*" & Z$22 & "*") -> 3 | AA33: =COUNTIFS($N$4:$N$55, "*" &$X33 & "*", $O$4:$O$55, "*" & AA$22 & "*")+COUNTIFS($O$4:$O$55, "*" & $X33 & "*", $N$4:$N$55, "*" & AA$22 & "*") -> 1 | AB33: =COUNTIFS($N$4:$N$55, "*" &$X33 & "*", $O$4:$O$55, "*" & AB$22 & "*")+COUNTIFS($O$4:$O$55, "*" & $X33 & "*", $N$4:$N$55, "*" & AB$22 & "*") -> 2 | AC33: =COUNTIFS($N$4:$N$55, "*" &$X33 & "*", $O$4:$O$55, "*" & AC$22 & "*")+COUNTIFS($O$4:$O$55, "*" & $X33 & "*", $N$4:$N$55, "*" & AC$22 & "*") -> 3 | AD33: =COUNTIFS($N$4:$N$55, "*" &$X33 & "*", $O$4:$O$55, "*" & AD$22 & "*")+COUNTIFS($O$4:$O$55, "*" & $X33 & "*", $N$4:$N$55, "*" & AD$22 & "*") -> 2 | AE33: =COUNTIFS($N$4:$N$55, "*" &$X33 & "*", $O$4:$O$55, "*" & AE$22 & "*")+COUNTIFS($O$4:$O$55, "*" & $X33 & "*", $N$4:$N$55, "*" & AE$22 & "*") -> 1 | AF33: =COUNTIFS($N$4:$N$55, "*" &$X33 & "*", $O$4:$O$55, "*" & AF$22 & "*")+COUNTIFS($O$4:$O$55, "*" & $X33 & "*", $N$4:$N$55, "*" & AF$22 & "*") -> 1 | ... AK33: =COUNTIFS($N$4:$N$55, "*" &$X33 & "*", $O$4:$O$55, "*" & AK$22 & "*")+COUNTIFS($O$4:$O$55, "*" & $X33 & "*", $N$4:$N$55, "*" & AK$22 & "*") -> 1
L34: g23 | N34: dan eric | O34: andrew adam | W34: =SUMPRODUCT(Y34:AK34, TRANSPOSE($Y$41:$Y$53)) / (8 * SUM(Y34:AK34)) -> 0.45833333 | X34: tim | Y34: =COUNTIFS($N$4:$N$55, "*" &$X34 & "*", $O$4:$O$55, "*" & Y$22 & "*")+COUNTIFS($O$4:$O$55, "*" & $X34 & "*", $N$4:$N$55, "*" & Y$22 & "*") -> 1 | Z34: =COUNTIFS($N$4:$N$55, "*" &$X34 & "*", $O$4:$O$55, "*" & Z$22 & "*")+COUNTIFS($O$4:$O$55, "*" & $X34 & "*", $N$4:$N$55, "*" & Z$22 & "*") -> 3 | AA34: =COUNTIFS($N$4:$N$55, "*" &$X34 & "*", $O$4:$O$55, "*" & AA$22 & "*")+COUNTIFS($O$4:$O$55, "*" & $X34 & "*", $N$4:$N$55, "*" & AA$22 & "*") -> 1 | AB34: =COUNTIFS($N$4:$N$55, "*" &$X34 & "*", $O$4:$O$55, "*" & AB$22 & "*")+COUNTIFS($O$4:$O$55, "*" & $X34 & "*", $N$4:$N$55, "*" & AB$22 & "*") -> 3 | AC34: =COUNTIFS($N$4:$N$55, "*" &$X34 & "*", $O$4:$O$55, "*" & AC$22 & "*")+COUNTIFS($O$4:$O$55, "*" & $X34 & "*", $N$4:$N$55, "*" & AC$22 & "*") -> 1 | AD34: =COUNTIFS($N$4:$N$55, "*" &$X34 & "*", $O$4:$O$55, "*" & AD$22 & "*")+COUNTIFS($O$4:$O$55, "*" & $X34 & "*", $N$4:$N$55, "*" & AD$22 & "*") -> 2 | AE34: =COUNTIFS($N$4:$N$55, "*" &$X34 & "*", $O$4:$O$55, "*" & AE$22 & "*")+COUNTIFS($O$4:$O$55, "*" & $X34 & "*", $N$4:$N$55, "*" & AE$22 & "*") -> 2 | AF34: =COUNTIFS($N$4:$N$55, "*" &$X34 & "*", $O$4:$O$55, "*" & AF$22 & "*")+COUNTIFS($O$4:$O$55, "*" & $X34 & "*", $N$4:$N$55, "*" & AF$22 & "*") -> 3 | ... AK34: =COUNTIFS($N$4:$N$55, "*" &$X34 & "*", $O$4:$O$55, "*" & AK$22 & "*")+COUNTIFS($O$4:$O$55, "*" & $X34 & "*", $N$4:$N$55, "*" & AK$22 & "*") -> 3
L35: g24 | N35: zach kevin | O35: tim michael | W35: =SUMPRODUCT(Y35:AK35, TRANSPOSE($Y$41:$Y$53)) / (8 * SUM(Y35:AK35)) -> 0.42708333 | X35: zach | Y35: =COUNTIFS($N$4:$N$55, "*" &$X35 & "*", $O$4:$O$55, "*" & Y$22 & "*")+COUNTIFS($O$4:$O$55, "*" & $X35 & "*", $N$4:$N$55, "*" & Y$22 & "*") -> 2 | Z35: =COUNTIFS($N$4:$N$55, "*" &$X35 & "*", $O$4:$O$55, "*" & Z$22 & "*")+COUNTIFS($O$4:$O$55, "*" & $X35 & "*", $N$4:$N$55, "*" & Z$22 & "*") -> 3 | AA35: =COUNTIFS($N$4:$N$55, "*" &$X35 & "*", $O$4:$O$55, "*" & AA$22 & "*")+COUNTIFS($O$4:$O$55, "*" & $X35 & "*", $N$4:$N$55, "*" & AA$22 & "*") -> 3 | AB35: =COUNTIFS($N$4:$N$55, "*" &$X35 & "*", $O$4:$O$55, "*" & AB$22 & "*")+COUNTIFS($O$4:$O$55, "*" & $X35 & "*", $N$4:$N$55, "*" & AB$22 & "*") -> 2 | AC35: =COUNTIFS($N$4:$N$55, "*" &$X35 & "*", $O$4:$O$55, "*" & AC$22 & "*")+COUNTIFS($O$4:$O$55, "*" & $X35 & "*", $N$4:$N$55, "*" & AC$22 & "*") -> 1 | AD35: =COUNTIFS($N$4:$N$55, "*" &$X35 & "*", $O$4:$O$55, "*" & AD$22 & "*")+COUNTIFS($O$4:$O$55, "*" & $X35 & "*", $N$4:$N$55, "*" & AD$22 & "*") -> 3 | AE35: =COUNTIFS($N$4:$N$55, "*" &$X35 & "*", $O$4:$O$55, "*" & AE$22 & "*")+COUNTIFS($O$4:$O$55, "*" & $X35 & "*", $N$4:$N$55, "*" & AE$22 & "*") -> 2 | AF35: =COUNTIFS($N$4:$N$55, "*" &$X35 & "*", $O$4:$O$55, "*" & AF$22 & "*")+COUNTIFS($O$4:$O$55, "*" & $X35 & "*", $N$4:$N$55, "*" & AF$22 & "*") -> 2 | ... AK35: =COUNTIFS($N$4:$N$55, "*" &$X35 & "*", $O$4:$O$55, "*" & AK$22 & "*")+COUNTIFS($O$4:$O$55, "*" & $X35 & "*", $N$4:$N$55, "*" & AK$22 & "*") -> 0
J36: bye | K36: =IFERROR(__xludf.DUMMYFUNCTION("FILTER($X$8:$X$20, NOT(ISNUMBER(SEARCH($X$8:$X$20, TEXTJOIN("", "", TRUE, N37:O39)))))"),"steve") -> steve | L36: w9 | P36: =IFERROR(__xludf.DUMMYFUNCTION("SUMPRODUCT(1/COUNTIF(TRANSPOSE(SPLIT(TEXTJOIN("" "",TRUE,N37:O39),"" "")),TRANSPOSE(SPLIT(TEXTJOIN("" "",TRUE,N37:O39),"" ""))))"),12.0) -> 12
L37: g25 | N37: sean andrew | O37: zach eric
L38: g26 | N38: dan adam | O38: tim emanuel
L39: g27 | N39: kevin fred | O39: brian michael | Y39: I made up w/l for people mostly putting them in the middle
J40: bye | K40: =IFERROR(__xludf.DUMMYFUNCTION("FILTER($X$8:$X$20, NOT(ISNUMBER(SEARCH($X$8:$X$20, TEXTJOIN("", "", TRUE, N41:O43)))))"),"michael") -> michael | L40: w10 | P40: =IFERROR(__xludf.DUMMYFUNCTION("SUMPRODUCT(1/COUNTIF(TRANSPOSE(SPLIT(TEXTJOIN("" "",TRUE,N41:O43),"" "")),TRANSPOSE(SPLIT(TEXTJOIN("" "",TRUE,N41:O43),"" ""))))"),12.0) -> 12 | X40: Last Season W/L | Y40: W | Z40: L
L41: g28 | N41: zach adam | O41: eric fred | X41: adam | Y41: 5 | Z41: 3
L42: g29 | N42: dan andrew | O42: brian emanuel | X42: andrew | Y42: 1 | Z42: 7
L43: g30 | N43: sean tim | O43: steve kevin | X43: brian | Y43: 5 | Z43: 3
J44: bye | K44: =IFERROR(__xludf.DUMMYFUNCTION("FILTER($X$8:$X$20, NOT(ISNUMBER(SEARCH($X$8:$X$20, TEXTJOIN("", "", TRUE, N45:O47)))))"),"emanuel") -> emanuel | L44: w11 | P44: =IFERROR(__xludf.DUMMYFUNCTION("SUMPRODUCT(1/COUNTIF(TRANSPOSE(SPLIT(TEXTJOIN("" "",TRUE,N45:O47),"" "")),TRANSPOSE(SPLIT(TEXTJOIN("" "",TRUE,N45:O47),"" ""))))"),12.0) -> 12 | X44: dan | Y44: 6 | Z44: 2
L45: g31 | N45: sean dan | O45: michael kevin | X45: emanuel | Y45: 1 | Z45: 7
L46: g32 | N46: zach andrew | O46: brian tim | X46: eric | Y46: 4 | Z46: 4
L47: g33 | N47: adam fred | O47: eric steve | X47: fred | Y47: 1 | Z47: 7
J48: bye | K48: =IFERROR(__xludf.DUMMYFUNCTION("FILTER($X$8:$X$20, NOT(ISNUMBER(SEARCH($X$8:$X$20, TEXTJOIN("", "", TRUE, N49:O51)))))"),"tim") -> tim | L48: w12 | P48: =IFERROR(__xludf.DUMMYFUNCTION("SUMPRODUCT(1/COUNTIF(TRANSPOSE(SPLIT(TEXTJOIN("" "",TRUE,N49:O51),"" "")),TRANSPOSE(SPLIT(TEXTJOIN("" "",TRUE,N49:O51),"" ""))))"),12.0) -> 12 | X48: kevin | Y48: 3 | Z48: 5
L49: g34 | N49: zach dan | O49: adam steve | X49: michael | Y49: 3 | Z49: 5
L50: g35 | N50: andrew fred | O50: emanuel kevin | X50: sean | Y50: 5 | Z50: 3
L51: g36 | N51: michael eric | O51: sean brian | X51: steve | Y51: 4 | Z51: 4
J52: bye | K52: =IFERROR(__xludf.DUMMYFUNCTION("FILTER($X$8:$X$20, NOT(ISNUMBER(SEARCH($X$8:$X$20, TEXTJOIN("", "", TRUE, N53:O55)))))"),"brian") -> brian | L52: w13 | P52: =IFERROR(__xludf.DUMMYFUNCTION("SUMPRODUCT(1/COUNTIF(TRANSPOSE(SPLIT(TEXTJOIN("" "",TRUE,N53:O55),"" "")),TRANSPOSE(SPLIT(TEXTJOIN("" "",TRUE,N53:O55),"" ""))))"),12.0) -> 12 | X52: tim | Y52: 3 | Z52: 5
L53: g37 | N53: sean zach | O53: dan fred | X53: zach | Y53: 6 | Z53: 2
L54: g38 | N54: tim kevin | O54: emanuel eric
L55: g39 | N55: andrew steve | O55: adam michael
AL87: adam | AM87: andrew | AN87: brian | AO87: dan | AP87: emanuel | AQ87: eric | AR87: kevin | AS87: michael | AT87: sean | AU87: steve | AV87: tim | AW87: zach | AX87: TOTAL GAMES

Sheet 12 person of Reg Season Creatio
P3: check: unique players in a week
L4: w1 | P4: =IFERROR(__xludf.DUMMYFUNCTION("SUMPRODUCT(1/COUNTIF(TRANSPOSE(SPLIT(TEXTJOIN("" "",TRUE,N5:O7),"" "")),TRANSPOSE(SPLIT(TEXTJOIN("" "",TRUE,N5:O7),"" ""))))"),12.0) -> 12
L5: g1 | N5: sean kevin | O5: brian eric
L6: g2 | N6: zach steve | O6: dan michael
L7: g3 | N7: tim adam | O7: andrew emanuel | X7: Games With | Y7: adam | Z7: andrew | AA7: brian | AB7: dan | AC7: emanuel | AD7: eric | AE7: kevin | AF7: michael | AG7: sean | AH7: steve | AI7: tim | AJ7: zach | AK7: TOTAL GAMES
L8: w2 | P8: =IFERROR(__xludf.DUMMYFUNCTION("SUMPRODUCT(1/COUNTIF(TRANSPOSE(SPLIT(TEXTJOIN("" "",TRUE,N9:O11),"" "")),TRANSPOSE(SPLIT(TEXTJOIN("" "",TRUE,N9:O11),"" ""))))"),12.0) -> 12 | X8: adam | Y8: =COUNTIFS($N$5:$O$47,"*"&$X8&"*",$N$5:$O$47,"*"&Y$7&"*") -> 11 | Z8: =COUNTIFS($N$5:$O$47,"*"&$X8&"*",$N$5:$O$47,"*"&Z$7&"*") -> 1 | AA8: =COUNTIFS($N$5:$O$47,"*"&$X8&"*",$N$5:$O$47,"*"&AA$7&"*") -> 1 | AB8: =COUNTIFS($N$5:$O$47,"*"&$X8&"*",$N$5:$O$47,"*"&AB$7&"*") -> 1 | AC8: =COUNTIFS($N$5:$O$47,"*"&$X8&"*",$N$5:$O$47,"*"&AC$7&"*") -> 1 | AD8: =COUNTIFS($N$5:$O$47,"*"&$X8&"*",$N$5:$O$47,"*"&AD$7&"*") -> 1 | AE8: =COUNTIFS($N$5:$O$47,"*"&$X8&"*",$N$5:$O$47,"*"&AE$7&"*") -> 1 | AF8: =COUNTIFS($N$5:$O$47,"*"&$X8&"*",$N$5:$O$47,"*"&AF$7&"*") -> 1 | ... AJ8: =COUNTIFS($N$5:$O$47,"*"&$X8&"*",$N$5:$O$47,"*"&AJ$7&"*") -> 1 | AK8: =SUM(Y8:AJ8)-11 -> 11
L9: g4 | N9: sean steve | O9: dan emanuel | X9: andrew | Y9: =COUNTIFS($N$5:$O$47,"*"&$X9&"*",$N$5:$O$47,"*"&Y$7&"*") -> 1 | Z9: =COUNTIFS($N$5:$O$47,"*"&$X9&"*",$N$5:$O$47,"*"&Z$7&"*") -> 11 | AA9: =COUNTIFS($N$5:$O$47,"*"&$X9&"*",$N$5:$O$47,"*"&AA$7&"*") -> 1 | AB9: =COUNTIFS($N$5:$O$47,"*"&$X9&"*",$N$5:$O$47,"*"&AB$7&"*") -> 1 | AC9: =COUNTIFS($N$5:$O$47,"*"&$X9&"*",$N$5:$O$47,"*"&AC$7&"*") -> 1 | AD9: =COUNTIFS($N$5:$O$47,"*"&$X9&"*",$N$5:$O$47,"*"&AD$7&"*") -> 1 | AE9: =COUNTIFS($N$5:$O$47,"*"&$X9&"*",$N$5:$O$47,"*"&AE$7&"*") -> 1 | AF9: =COUNTIFS($N$5:$O$47,"*"&$X9&"*",$N$5:$O$47,"*"&AF$7&"*") -> 1 | ... AJ9: =COUNTIFS($N$5:$O$47,"*"&$X9&"*",$N$5:$O$47,"*"&AJ$7&"*") -> 1 | AK9: =SUM(Y9:AJ9)-11 -> 11
L10: g5 | N10: zach michael | O10: brian adam | X10: brian | Y10: =COUNTIFS($N$5:$O$47,"*"&$X10&"*",$N$5:$O$47,"*"&Y$7&"*") -> 1 | Z10: =COUNTIFS($N$5:$O$47,"*"&$X10&"*",$N$5:$O$47,"*"&Z$7&"*") -> 1 | AA10: =COUNTIFS($N$5:$O$47,"*"&$X10&"*",$N$5:$O$47,"*"&AA$7&"*") -> 11 | AB10: =COUNTIFS($N$5:$O$47,"*"&$X10&"*",$N$5:$O$47,"*"&AB$7&"*") -> 1 | AC10: =COUNTIFS($N$5:$O$47,"*"&$X10&"*",$N$5:$O$47,"*"&AC$7&"*") -> 1 | AD10: =COUNTIFS($N$5:$O$47,"*"&$X10&"*",$N$5:$O$47,"*"&AD$7&"*") -> 1 | AE10: =COUNTIFS($N$5:$O$47,"*"&$X10&"*",$N$5:$O$47,"*"&AE$7&"*") -> 1 | AF10: =COUNTIFS($N$5:$O$47,"*"&$X10&"*",$N$5:$O$47,"*"&AF$7&"*") -> 1 | ... AJ10: =COUNTIFS($N$5:$O$47,"*"&$X10&"*",$N$5:$O$47,"*"&AJ$7&"*") -> 1 | AK10: =SUM(Y10:AJ10)-11 -> 11
L11: g6 | N11: tim andrew | O11: eric kevin | X11: dan | Y11: =COUNTIFS($N$5:$O$47,"*"&$X11&"*",$N$5:$O$47,"*"&Y$7&"*") -> 1 | Z11: =COUNTIFS($N$5:$O$47,"*"&$X11&"*",$N$5:$O$47,"*"&Z$7&"*") -> 1 | AA11: =COUNTIFS($N$5:$O$47,"*"&$X11&"*",$N$5:$O$47,"*"&AA$7&"*") -> 1 | AB11: =COUNTIFS($N$5:$O$47,"*"&$X11&"*",$N$5:$O$47,"*"&AB$7&"*") -> 11 | AC11: =COUNTIFS($N$5:$O$47,"*"&$X11&"*",$N$5:$O$47,"*"&AC$7&"*") -> 1 | AD11: =COUNTIFS($N$5:$O$47,"*"&$X11&"*",$N$5:$O$47,"*"&AD$7&"*") -> 1 | AE11: =COUNTIFS($N$5:$O$47,"*"&$X11&"*",$N$5:$O$47,"*"&AE$7&"*") -> 1 | AF11: =COUNTIFS($N$5:$O$47,"*"&$X11&"*",$N$5:$O$47,"*"&AF$7&"*") -> 1 | ... AJ11: =COUNTIFS($N$5:$O$47,"*"&$X11&"*",$N$5:$O$47,"*"&AJ$7&"*") -> 1 | AK11: =SUM(Y11:AJ11)-11 -> 11
L12: w3 | P12: =IFERROR(__xludf.DUMMYFUNCTION("SUMPRODUCT(1/COUNTIF(TRANSPOSE(SPLIT(TEXTJOIN("" "",TRUE,N13:O15),"" "")),TRANSPOSE(SPLIT(TEXTJOIN("" "",TRUE,N13:O15),"" ""))))"),12.0) -> 12 | X12: emanuel | Y12: =COUNTIFS($N$5:$O$47,"*"&$X12&"*",$N$5:$O$47,"*"&Y$7&"*") -> 1 | Z12: =COUNTIFS($N$5:$O$47,"*"&$X12&"*",$N$5:$O$47,"*"&Z$7&"*") -> 1 | AA12: =COUNTIFS($N$5:$O$47,"*"&$X12&"*",$N$5:$O$47,"*"&AA$7&"*") -> 1 | AB12: =COUNTIFS($N$5:$O$47,"*"&$X12&"*",$N$5:$O$47,"*"&AB$7&"*") -> 1 | AC12: =COUNTIFS($N$5:$O$47,"*"&$X12&"*",$N$5:$O$47,"*"&AC$7&"*") -> 11 | AD12: =COUNTIFS($N$5:$O$47,"*"&$X12&"*",$N$5:$O$47,"*"&AD$7&"*") -> 1 | AE12: =COUNTIFS($N$5:$O$47,"*"&$X12&"*",$N$5:$O$47,"*"&AE$7&"*") -> 1 | AF12: =COUNTIFS($N$5:$O$47,"*"&$X12&"*",$N$5:$O$47,"*"&AF$7&"*") -> 1 | ... AJ12: =COUNTIFS($N$5:$O$47,"*"&$X12&"*",$N$5:$O$47,"*"&AJ$7&"*") -> 1 | AK12: =SUM(Y12:AJ12)-11 -> 11
L13: g7 | N13: sean eric | O13: zach emanuel | X13: eric | Y13: =COUNTIFS($N$5:$O$47,"*"&$X13&"*",$N$5:$O$47,"*"&Y$7&"*") -> 1 | Z13: =COUNTIFS($N$5:$O$47,"*"&$X13&"*",$N$5:$O$47,"*"&Z$7&"*") -> 1 | AA13: =COUNTIFS($N$5:$O$47,"*"&$X13&"*",$N$5:$O$47,"*"&AA$7&"*") -> 1 | AB13: =COUNTIFS($N$5:$O$47,"*"&$X13&"*",$N$5:$O$47,"*"&AB$7&"*") -> 1 | AC13: =COUNTIFS($N$5:$O$47,"*"&$X13&"*",$N$5:$O$47,"*"&AC$7&"*") -> 1 | AD13: =COUNTIFS($N$5:$O$47,"*"&$X13&"*",$N$5:$O$47,"*"&AD$7&"*") -> 11 | AE13: =COUNTIFS($N$5:$O$47,"*"&$X13&"*",$N$5:$O$47,"*"&AE$7&"*") -> 1 | AF13: =COUNTIFS($N$5:$O$47,"*"&$X13&"*",$N$5:$O$47,"*"&AF$7&"*") -> 1 | ... AJ13: =COUNTIFS($N$5:$O$47,"*"&$X13&"*",$N$5:$O$47,"*"&AJ$7&"*") -> 1 | AK13: =SUM(Y13:AJ13)-11 -> 11
L14: g8 | N14: brian andrew | O14: dan tim | X14: kevin | Y14: =COUNTIFS($N$5:$O$47,"*"&$X14&"*",$N$5:$O$47,"*"&Y$7&"*") -> 1 | Z14: =COUNTIFS($N$5:$O$47,"*"&$X14&"*",$N$5:$O$47,"*"&Z$7&"*") -> 1 | AA14: =COUNTIFS($N$5:$O$47,"*"&$X14&"*",$N$5:$O$47,"*"&AA$7&"*") -> 1 | AB14: =COUNTIFS($N$5:$O$47,"*"&$X14&"*",$N$5:$O$47,"*"&AB$7&"*") -> 1 | AC14: =COUNTIFS($N$5:$O$47,"*"&$X14&"*",$N$5:$O$47,"*"&AC$7&"*") -> 1 | AD14: =COUNTIFS($N$5:$O$47,"*"&$X14&"*",$N$5:$O$47,"*"&AD$7&"*") -> 1 | AE14: =COUNTIFS($N$5:$O$47,"*"&$X14&"*",$N$5:$O$47,"*"&AE$7&"*") -> 11 | AF14: =COUNTIFS($N$5:$O$47,"*"&$X14&"*",$N$5:$O$47,"*"&AF$7&"*") -> 1 | ... AJ14: =COUNTIFS($N$5:$O$47,"*"&$X14&"*",$N$5:$O$47,"*"&AJ$7&"*") -> 1 | AK14: =SUM(Y14:AJ14)-11 -> 11
L15: g9 | N15: adam kevin | O15: michael steve | X15: michael | Y15: =COUNTIFS($N$5:$O$47,"*"&$X15&"*",$N$5:$O$47,"*"&Y$7&"*") -> 1 | Z15: =COUNTIFS($N$5:$O$47,"*"&$X15&"*",$N$5:$O$47,"*"&Z$7&"*") -> 1 | AA15: =COUNTIFS($N$5:$O$47,"*"&$X15&"*",$N$5:$O$47,"*"&AA$7&"*") -> 1 | AB15: =COUNTIFS($N$5:$O$47,"*"&$X15&"*",$N$5:$O$47,"*"&AB$7&"*") -> 1 | AC15: =COUNTIFS($N$5:$O$47,"*"&$X15&"*",$N$5:$O$47,"*"&AC$7&"*") -> 1 | AD15: =COUNTIFS($N$5:$O$47,"*"&$X15&"*",$N$5:$O$47,"*"&AD$7&"*") -> 1 | AE15: =COUNTIFS($N$5:$O$47,"*"&$X15&"*",$N$5:$O$47,"*"&AE$7&"*") -> 1 | AF15: =COUNTIFS($N$5:$O$47,"*"&$X15&"*",$N$5:$O$47,"*"&AF$7&"*") -> 11 | ... AJ15: =COUNTIFS($N$5:$O$47,"*"&$X15&"*",$N$5:$O$47,"*"&AJ$7&"*") -> 1 | AK15: =SUM(Y15:AJ15)-11 -> 11
L16: w4 | P16: =IFERROR(__xludf.DUMMYFUNCTION("SUMPRODUCT(1/COUNTIF(TRANSPOSE(SPLIT(TEXTJOIN("" "",TRUE,N17:O19),"" "")),TRANSPOSE(SPLIT(TEXTJOIN("" "",TRUE,N17:O19),"" ""))))"),12.0) -> 12 | X16: sean | Y16: =COUNTIFS($N$5:$O$47,"*"&$X16&"*",$N$5:$O$47,"*"&Y$7&"*") -> 1 | Z16: =COUNTIFS($N$5:$O$47,"*"&$X16&"*",$N$5:$O$47,"*"&Z$7&"*") -> 1 | AA16: =COUNTIFS($N$5:$O$47,"*"&$X16&"*",$N$5:$O$47,"*"&AA$7&"*") -> 1 | AB16: =COUNTIFS($N$5:$O$47,"*"&$X16&"*",$N$5:$O$47,"*"&AB$7&"*") -> 1 | AC16: =COUNTIFS($N$5:$O$47,"*"&$X16&"*",$N$5:$O$47,"*"&AC$7&"*") -> 1 | AD16: =COUNTIFS($N$5:$O$47,"*"&$X16&"*",$N$5:$O$47,"*"&AD$7&"*") -> 1 | AE16: =COUNTIFS($N$5:$O$47,"*"&$X16&"*",$N$5:$O$47,"*"&AE$7&"*") -> 1 | AF16: =COUNTIFS($N$5:$O$47,"*"&$X16&"*",$N$5:$O$47,"*"&AF$7&"*") -> 1 | ... AJ16: =COUNTIFS($N$5:$O$47,"*"&$X16&"*",$N$5:$O$47,"*"&AJ$7&"*") -> 1 | AK16: =SUM(Y16:AJ16)-11 -> 11
L17: g10 | N17: sean michael | O17: zach tim | X17: steve | Y17: =COUNTIFS($N$5:$O$47,"*"&$X17&"*",$N$5:$O$47,"*"&Y$7&"*") -> 1 | Z17: =COUNTIFS($N$5:$O$47,"*"&$X17&"*",$N$5:$O$47,"*"&Z$7&"*") -> 1 | AA17: =COUNTIFS($N$5:$O$47,"*"&$X17&"*",$N$5:$O$47,"*"&AA$7&"*") -> 1 | AB17: =COUNTIFS($N$5:$O$47,"*"&$X17&"*",$N$5:$O$47,"*"&AB$7&"*") -> 1 | AC17: =COUNTIFS($N$5:$O$47,"*"&$X17&"*",$N$5:$O$47,"*"&AC$7&"*") -> 1 | AD17: =COUNTIFS($N$5:$O$47,"*"&$X17&"*",$N$5:$O$47,"*"&AD$7&"*") -> 1 | AE17: =COUNTIFS($N$5:$O$47,"*"&$X17&"*",$N$5:$O$47,"*"&AE$7&"*") -> 1 | AF17: =COUNTIFS($N$5:$O$47,"*"&$X17&"*",$N$5:$O$47,"*"&AF$7&"*") -> 1 | ... AJ17: =COUNTIFS($N$5:$O$47,"*"&$X17&"*",$N$5:$O$47,"*"&AJ$7&"*") -> 1 | AK17: =SUM(Y17:AJ17)-11 -> 11
L18: g11 | N18: adam eric | O18: brian dan | X18: tim | Y18: =COUNTIFS($N$5:$O$47,"*"&$X18&"*",$N$5:$O$47,"*"&Y$7&"*") -> 1 | Z18: =COUNTIFS($N$5:$O$47,"*"&$X18&"*",$N$5:$O$47,"*"&Z$7&"*") -> 1 | AA18: =COUNTIFS($N$5:$O$47,"*"&$X18&"*",$N$5:$O$47,"*"&AA$7&"*") -> 1 | AB18: =COUNTIFS($N$5:$O$47,"*"&$X18&"*",$N$5:$O$47,"*"&AB$7&"*") -> 1 | AC18: =COUNTIFS($N$5:$O$47,"*"&$X18&"*",$N$5:$O$47,"*"&AC$7&"*") -> 1 | AD18: =COUNTIFS($N$5:$O$47,"*"&$X18&"*",$N$5:$O$47,"*"&AD$7&"*") -> 1 | AE18: =COUNTIFS($N$5:$O$47,"*"&$X18&"*",$N$5:$O$47,"*"&AE$7&"*") -> 1 | AF18: =COUNTIFS($N$5:$O$47,"*"&$X18&"*",$N$5:$O$47,"*"&AF$7&"*") -> 1 | ... AJ18: =COUNTIFS($N$5:$O$47,"*"&$X18&"*",$N$5:$O$47,"*"&AJ$7&"*") -> 1 | AK18: =SUM(Y18:AJ18)-11 -> 11
L19: g12 | N19: emanuel steve | O19: andrew kevin | X19: zach | Y19: =COUNTIFS($N$5:$O$47,"*"&$X19&"*",$N$5:$O$47,"*"&Y$7&"*") -> 1 | Z19: =COUNTIFS($N$5:$O$47,"*"&$X19&"*",$N$5:$O$47,"*"&Z$7&"*") -> 1 | AA19: =COUNTIFS($N$5:$O$47,"*"&$X19&"*",$N$5:$O$47,"*"&AA$7&"*") -> 1 | AB19: =COUNTIFS($N$5:$O$47,"*"&$X19&"*",$N$5:$O$47,"*"&AB$7&"*") -> 1 | AC19: =COUNTIFS($N$5:$O$47,"*"&$X19&"*",$N$5:$O$47,"*"&AC$7&"*") -> 1 | AD19: =COUNTIFS($N$5:$O$47,"*"&$X19&"*",$N$5:$O$47,"*"&AD$7&"*") -> 1 | AE19: =COUNTIFS($N$5:$O$47,"*"&$X19&"*",$N$5:$O$47,"*"&AE$7&"*") -> 1 | AF19: =COUNTIFS($N$5:$O$47,"*"&$X19&"*",$N$5:$O$47,"*"&AF$7&"*") -> 1 | ... AJ19: =COUNTIFS($N$5:$O$47,"*"&$X19&"*",$N$5:$O$47,"*"&AJ$7&"*") -> 11 | AK19: =SUM(Y19:AJ19)-11 -> 11
L20: w5 | P20: =IFERROR(__xludf.DUMMYFUNCTION("SUMPRODUCT(1/COUNTIF(TRANSPOSE(SPLIT(TEXTJOIN("" "",TRUE,N21:O23),"" "")),TRANSPOSE(SPLIT(TEXTJOIN("" "",TRUE,N21:O23),"" ""))))"),12.0) -> 12
L21: g13 | N21: sean adam | O21: dan kevin | X21: Games Against | Y21: adam | Z21: andrew | AA21: brian | AB21: dan | AC21: emanuel | AD21: eric | AE21: kevin | AF21: michael | AG21: sean | AH21: steve | AI21: tim | AJ21: zach
L22: g14 | N22: zach brian | O22: andrew eric | X22: adam | Y22: =COUNTIFS($N$4:$N$49, "*" &$X22 & "*", $O$4:$O$49, "*" & Y$21 & "*")+COUNTIFS($O$4:$O$49, "*" & $X22 & "*", $N$4:$N$49, "*" & Y$21 & "*") -> 0 | Z22: =COUNTIFS($N$4:$N$49, "*" &$X22 & "*", $O$4:$O$49, "*" & Z$21 & "*")+COUNTIFS($O$4:$O$49, "*" & $X22 & "*", $N$4:$N$49, "*" & Z$21 & "*") -> 3 | AA22: =COUNTIFS($N$4:$N$49, "*" &$X22 & "*", $O$4:$O$49, "*" & AA$21 & "*")+COUNTIFS($O$4:$O$49, "*" & $X22 & "*", $N$4:$N$49, "*" & AA$21 & "*") -> 2 | AB22: =COUNTIFS($N$4:$N$49, "*" &$X22 & "*", $O$4:$O$49, "*" & AB$21 & "*")+COUNTIFS($O$4:$O$49, "*" & $X22 & "*", $N$4:$N$49, "*" & AB$21 & "*") -> 2 | AC22: =COUNTIFS($N$4:$N$49, "*" &$X22 & "*", $O$4:$O$49, "*" & AC$21 & "*")+COUNTIFS($O$4:$O$49, "*" & $X22 & "*", $N$4:$N$49, "*" & AC$21 & "*") -> 2 | AD22: =COUNTIFS($N$4:$N$49, "*" &$X22 & "*", $O$4:$O$49, "*" & AD$21 & "*")+COUNTIFS($O$4:$O$49, "*" & $X22 & "*", $N$4:$N$49, "*" & AD$21 & "*") -> 2 | AE22: =COUNTIFS($N$4:$N$49, "*" &$X22 & "*", $O$4:$O$49, "*" & AE$21 & "*")+COUNTIFS($O$4:$O$49, "*" & $X22 & "*", $N$4:$N$49, "*" & AE$21 & "*") -> 2 | AF22: =COUNTIFS($N$4:$N$49, "*" &$X22 & "*", $O$4:$O$49, "*" & AF$21 & "*")+COUNTIFS($O$4:$O$49, "*" & $X22 & "*", $N$4:$N$49, "*" & AF$21 & "*") -> 3 | ... AJ22: =COUNTIFS($N$4:$N$49, "*" &$X22 & "*", $O$4:$O$49, "*" & AJ$21 & "*")+COUNTIFS($O$4:$O$49, "*" & $X22 & "*", $N$4:$N$49, "*" & AJ$21 & "*") -> 2
L23: g15 | N23: tim steve | O23: emanuel michael | X23: andrew | Y23: =COUNTIFS($N$4:$N$49, "*" &$X23 & "*", $O$4:$O$49, "*" & Y$21 & "*")+COUNTIFS($O$4:$O$49, "*" & $X23 & "*", $N$4:$N$49, "*" & Y$21 & "*") -> 3 | Z23: =COUNTIFS($N$4:$N$49, "*" &$X23 & "*", $O$4:$O$49, "*" & Z$21 & "*")+COUNTIFS($O$4:$O$49, "*" & $X23 & "*", $N$4:$N$49, "*" & Z$21 & "*") -> 0 | AA23: =COUNTIFS($N$4:$N$49, "*" &$X23 & "*", $O$4:$O$49, "*" & AA$21 & "*")+COUNTIFS($O$4:$O$49, "*" & $X23 & "*", $N$4:$N$49, "*" & AA$21 & "*") -> 3 | AB23: =COUNTIFS($N$4:$N$49, "*" &$X23 & "*", $O$4:$O$49, "*" & AB$21 & "*")+COUNTIFS($O$4:$O$49, "*" & $X23 & "*", $N$4:$N$49, "*" & AB$21 & "*") -> 2 | AC23: =COUNTIFS($N$4:$N$49, "*" &$X23 & "*", $O$4:$O$49, "*" & AC$21 & "*")+COUNTIFS($O$4:$O$49, "*" & $X23 & "*", $N$4:$N$49, "*" & AC$21 & "*") -> 2 | AD23: =COUNTIFS($N$4:$N$49, "*" &$X23 & "*", $O$4:$O$49, "*" & AD$21 & "*")+COUNTIFS($O$4:$O$49, "*" & $X23 & "*", $N$4:$N$49, "*" & AD$21 & "*") -> 1 | AE23: =COUNTIFS($N$4:$N$49, "*" &$X23 & "*", $O$4:$O$49, "*" & AE$21 & "*")+COUNTIFS($O$4:$O$49, "*" & $X23 & "*", $N$4:$N$49, "*" & AE$21 & "*") -> 1 | AF23: =COUNTIFS($N$4:$N$49, "*" &$X23 & "*", $O$4:$O$49, "*" & AF$21 & "*")+COUNTIFS($O$4:$O$49, "*" & $X23 & "*", $N$4:$N$49, "*" & AF$21 & "*") -> 1 | ... AJ23: =COUNTIFS($N$4:$N$49, "*" &$X23 & "*", $O$4:$O$49, "*" & AJ$21 & "*")+COUNTIFS($O$4:$O$49, "*" & $X23 & "*", $N$4:$N$49, "*" & AJ$21 & "*") -> 2
L24: w6 | P24: =IFERROR(__xludf.DUMMYFUNCTION("SUMPRODUCT(1/COUNTIF(TRANSPOSE(SPLIT(TEXTJOIN("" "",TRUE,N25:O27),"" "")),TRANSPOSE(SPLIT(TEXTJOIN("" "",TRUE,N25:O27),"" ""))))"),12.0) -> 12 | X24: brian | Y24: =COUNTIFS($N$4:$N$49, "*" &$X24 & "*", $O$4:$O$49, "*" & Y$21 & "*")+COUNTIFS($O$4:$O$49, "*" & $X24 & "*", $N$4:$N$49, "*" & Y$21 & "*") -> 2 | Z24: =COUNTIFS($N$4:$N$49, "*" &$X24 & "*", $O$4:$O$49, "*" & Z$21 & "*")+COUNTIFS($O$4:$O$49, "*" & $X24 & "*", $N$4:$N$49, "*" & Z$21 & "*") -> 3 | AA24: =COUNTIFS($N$4:$N$49, "*" &$X24 & "*", $O$4:$O$49, "*" & AA$21 & "*")+COUNTIFS($O$4:$O$49, "*" & $X24 & "*", $N$4:$N$49, "*" & AA$21 & "*") -> 0 | AB24: =COUNTIFS($N$4:$N$49, "*" &$X24 & "*", $O$4:$O$49, "*" & AB$21 & "*")+COUNTIFS($O$4:$O$49, "*" & $X24 & "*", $N$4:$N$49, "*" & AB$21 & "*") -> 3 | AC24: =COUNTIFS($N$4:$N$49, "*" &$X24 & "*", $O$4:$O$49, "*" & AC$21 & "*")+COUNTIFS($O$4:$O$49, "*" & $X24 & "*", $N$4:$N$49, "*" & AC$21 & "*") -> 2 | AD24: =COUNTIFS($N$4:$N$49, "*" &$X24 & "*", $O$4:$O$49, "*" & AD$21 & "*")+COUNTIFS($O$4:$O$49, "*" & $X24 & "*", $N$4:$N$49, "*" & AD$21 & "*") -> 3 | AE24: =COUNTIFS($N$4:$N$49, "*" &$X24 & "*", $O$4:$O$49, "*" & AE$21 & "*")+COUNTIFS($O$4:$O$49, "*" & $X24 & "*", $N$4:$N$49, "*" & AE$21 & "*") -> 3 | AF24: =COUNTIFS($N$4:$N$49, "*" &$X24 & "*", $O$4:$O$49, "*" & AF$21 & "*")+COUNTIFS($O$4:$O$49, "*" & $X24 & "*", $N$4:$N$49, "*" & AF$21 & "*") -> 1 | ... AJ24: =COUNTIFS($N$4:$N$49, "*" &$X24 & "*", $O$4:$O$49, "*" & AJ$21 & "*")+COUNTIFS($O$4:$O$49, "*" & $X24 & "*", $N$4:$N$49, "*" & AJ$21 & "*") -> 1
L25: g16 | N25: dan eric | O25: brian steve | X25: dan | Y25: =COUNTIFS($N$4:$N$49, "*" &$X25 & "*", $O$4:$O$49, "*" & Y$21 & "*")+COUNTIFS($O$4:$O$49, "*" & $X25 & "*", $N$4:$N$49, "*" & Y$21 & "*") -> 2 | Z25: =COUNTIFS($N$4:$N$49, "*" &$X25 & "*", $O$4:$O$49, "*" & Z$21 & "*")+COUNTIFS($O$4:$O$49, "*" & $X25 & "*", $N$4:$N$49, "*" & Z$21 & "*") -> 2 | AA25: =COUNTIFS($N$4:$N$49, "*" &$X25 & "*", $O$4:$O$49, "*" & AA$21 & "*")+COUNTIFS($O$4:$O$49, "*" & $X25 & "*", $N$4:$N$49, "*" & AA$21 & "*") -> 3 | AB25: =COUNTIFS($N$4:$N$49, "*" &$X25 & "*", $O$4:$O$49, "*" & AB$21 & "*")+COUNTIFS($O$4:$O$49, "*" & $X25 & "*", $N$4:$N$49, "*" & AB$21 & "*") -> 0 | AC25: =COUNTIFS($N$4:$N$49, "*" &$X25 & "*", $O$4:$O$49, "*" & AC$21 & "*")+COUNTIFS($O$4:$O$49, "*" & $X25 & "*", $N$4:$N$49, "*" & AC$21 & "*") -> 1 | AD25: =COUNTIFS($N$4:$N$49, "*" &$X25 & "*", $O$4:$O$49, "*" & AD$21 & "*")+COUNTIFS($O$4:$O$49, "*" & $X25 & "*", $N$4:$N$49, "*" & AD$21 & "*") -> 3 | AE25: =COUNTIFS($N$4:$N$49, "*" &$X25 & "*", $O$4:$O$49, "*" & AE$21 & "*")+COUNTIFS($O$4:$O$49, "*" & $X25 & "*", $N$4:$N$49, "*" & AE$21 & "*") -> 1 | AF25: =COUNTIFS($N$4:$N$49, "*" &$X25 & "*", $O$4:$O$49, "*" & AF$21 & "*")+COUNTIFS($O$4:$O$49, "*" & $X25 & "*", $N$4:$N$49, "*" & AF$21 & "*") -> 1 | ... AJ25: =COUNTIFS($N$4:$N$49, "*" &$X25 & "*", $O$4:$O$49, "*" & AJ$21 & "*")+COUNTIFS($O$4:$O$49, "*" & $X25 & "*", $N$4:$N$49, "*" & AJ$21 & "*") -> 1
L26: g17 | N26: zach kevin | O26: sean emanuel | X26: emanuel | Y26: =COUNTIFS($N$4:$N$49, "*" &$X26 & "*", $O$4:$O$49, "*" & Y$21 & "*")+COUNTIFS($O$4:$O$49, "*" & $X26 & "*", $N$4:$N$49, "*" & Y$21 & "*") -> 2 | Z26: =COUNTIFS($N$4:$N$49, "*" &$X26 & "*", $O$4:$O$49, "*" & Z$21 & "*")+COUNTIFS($O$4:$O$49, "*" & $X26 & "*", $N$4:$N$49, "*" & Z$21 & "*") -> 2 | AA26: =COUNTIFS($N$4:$N$49, "*" &$X26 & "*", $O$4:$O$49, "*" & AA$21 & "*")+COUNTIFS($O$4:$O$49, "*" & $X26 & "*", $N$4:$N$49, "*" & AA$21 & "*") -> 2 | AB26: =COUNTIFS($N$4:$N$49, "*" &$X26 & "*", $O$4:$O$49, "*" & AB$21 & "*")+COUNTIFS($O$4:$O$49, "*" & $X26 & "*", $N$4:$N$49, "*" & AB$21 & "*") -> 1 | AC26: =COUNTIFS($N$4:$N$49, "*" &$X26 & "*", $O$4:$O$49, "*" & AC$21 & "*")+COUNTIFS($O$4:$O$49, "*" & $X26 & "*", $N$4:$N$49, "*" & AC$21 & "*") -> 0 | AD26: =COUNTIFS($N$4:$N$49, "*" &$X26 & "*", $O$4:$O$49, "*" & AD$21 & "*")+COUNTIFS($O$4:$O$49, "*" & $X26 & "*", $N$4:$N$49, "*" & AD$21 & "*") -> 2 | AE26: =COUNTIFS($N$4:$N$49, "*" &$X26 & "*", $O$4:$O$49, "*" & AE$21 & "*")+COUNTIFS($O$4:$O$49, "*" & $X26 & "*", $N$4:$N$49, "*" & AE$21 & "*") -> 3 | AF26: =COUNTIFS($N$4:$N$49, "*" &$X26 & "*", $O$4:$O$49, "*" & AF$21 & "*")+COUNTIFS($O$4:$O$49, "*" & $X26 & "*", $N$4:$N$49, "*" & AF$21 & "*") -> 1 | ... AJ26: =COUNTIFS($N$4:$N$49, "*" &$X26 & "*", $O$4:$O$49, "*" & AJ$21 & "*")+COUNTIFS($O$4:$O$49, "*" & $X26 & "*", $N$4:$N$49, "*" & AJ$21 & "*") -> 2
L27: g18 | N27: andrew adam | O27: tim michael | X27: eric | Y27: =COUNTIFS($N$4:$N$49, "*" &$X27 & "*", $O$4:$O$49, "*" & Y$21 & "*")+COUNTIFS($O$4:$O$49, "*" & $X27 & "*", $N$4:$N$49, "*" & Y$21 & "*") -> 2 | Z27: =COUNTIFS($N$4:$N$49, "*" &$X27 & "*", $O$4:$O$49, "*" & Z$21 & "*")+COUNTIFS($O$4:$O$49, "*" & $X27 & "*", $N$4:$N$49, "*" & Z$21 & "*") -> 1 | AA27: =COUNTIFS($N$4:$N$49, "*" &$X27 & "*", $O$4:$O$49, "*" & AA$21 & "*")+COUNTIFS($O$4:$O$49, "*" & $X27 & "*", $N$4:$N$49, "*" & AA$21 & "*") -> 3 | AB27: =COUNTIFS($N$4:$N$49, "*" &$X27 & "*", $O$4:$O$49, "*" & AB$21 & "*")+COUNTIFS($O$4:$O$49, "*" & $X27 & "*", $N$4:$N$49, "*" & AB$21 & "*") -> 3 | AC27: =COUNTIFS($N$4:$N$49, "*" &$X27 & "*", $O$4:$O$49, "*" & AC$21 & "*")+COUNTIFS($O$4:$O$49, "*" & $X27 & "*", $N$4:$N$49, "*" & AC$21 & "*") -> 2 | AD27: =COUNTIFS($N$4:$N$49, "*" &$X27 & "*", $O$4:$O$49, "*" & AD$21 & "*")+COUNTIFS($O$4:$O$49, "*" & $X27 & "*", $N$4:$N$49, "*" & AD$21 & "*") -> 0 | AE27: =COUNTIFS($N$4:$N$49, "*" &$X27 & "*", $O$4:$O$49, "*" & AE$21 & "*")+COUNTIFS($O$4:$O$49, "*" & $X27 & "*", $N$4:$N$49, "*" & AE$21 & "*") -> 1 | AF27: =COUNTIFS($N$4:$N$49, "*" &$X27 & "*", $O$4:$O$49, "*" & AF$21 & "*")+COUNTIFS($O$4:$O$49, "*" & $X27 & "*", $N$4:$N$49, "*" & AF$21 & "*") -> 1 | ... AJ27: =COUNTIFS($N$4:$N$49, "*" &$X27 & "*", $O$4:$O$49, "*" & AJ$21 & "*")+COUNTIFS($O$4:$O$49, "*" & $X27 & "*", $N$4:$N$49, "*" & AJ$21 & "*") -> 3
L28: w7 | P28: =IFERROR(__xludf.DUMMYFUNCTION("SUMPRODUCT(1/COUNTIF(TRANSPOSE(SPLIT(TEXTJOIN("" "",TRUE,N29:O31),"" "")),TRANSPOSE(SPLIT(TEXTJOIN("" "",TRUE,N29:O31),"" ""))))"),12.0) -> 12 | X28: kevin | Y28: =COUNTIFS($N$4:$N$49, "*" &$X28 & "*", $O$4:$O$49, "*" & Y$21 & "*")+COUNTIFS($O$4:$O$49, "*" & $X28 & "*", $N$4:$N$49, "*" & Y$21 & "*") -> 2 | Z28: =COUNTIFS($N$4:$N$49, "*" &$X28 & "*", $O$4:$O$49, "*" & Z$21 & "*")+COUNTIFS($O$4:$O$49, "*" & $X28 & "*", $N$4:$N$49, "*" & Z$21 & "*") -> 1 | AA28: =COUNTIFS($N$4:$N$49, "*" &$X28 & "*", $O$4:$O$49, "*" & AA$21 & "*")+COUNTIFS($O$4:$O$49, "*" & $X28 & "*", $N$4:$N$49, "*" & AA$21 & "*") -> 3 | AB28: =COUNTIFS($N$4:$N$49, "*" &$X28 & "*", $O$4:$O$49, "*" & AB$21 & "*")+COUNTIFS($O$4:$O$49, "*" & $X28 & "*", $N$4:$N$49, "*" & AB$21 & "*") -> 1 | AC28: =COUNTIFS($N$4:$N$49, "*" &$X28 & "*", $O$4:$O$49, "*" & AC$21 & "*")+COUNTIFS($O$4:$O$49, "*" & $X28 & "*", $N$4:$N$49, "*" & AC$21 & "*") -> 3 | AD28: =COUNTIFS($N$4:$N$49, "*" &$X28 & "*", $O$4:$O$49, "*" & AD$21 & "*")+COUNTIFS($O$4:$O$49, "*" & $X28 & "*", $N$4:$N$49, "*" & AD$21 & "*") -> 1 | AE28: =COUNTIFS($N$4:$N$49, "*" &$X28 & "*", $O$4:$O$49, "*" & AE$21 & "*")+COUNTIFS($O$4:$O$49, "*" & $X28 & "*", $N$4:$N$49, "*" & AE$21 & "*") -> 0 | AF28: =COUNTIFS($N$4:$N$49, "*" &$X28 & "*", $O$4:$O$49, "*" & AF$21 & "*")+COUNTIFS($O$4:$O$49, "*" & $X28 & "*", $N$4:$N$49, "*" & AF$21 & "*") -> 2 | ... AJ28: =COUNTIFS($N$4:$N$49, "*" &$X28 & "*", $O$4:$O$49, "*" & AJ$21 & "*")+COUNTIFS($O$4:$O$49, "*" & $X28 & "*", $N$4:$N$49, "*" & AJ$21 & "*") -> 1
L29: g19 | N29: sean andrew | O29: dan adam | X29: michael | Y29: =COUNTIFS($N$4:$N$49, "*" &$X29 & "*", $O$4:$O$49, "*" & Y$21 & "*")+COUNTIFS($O$4:$O$49, "*" & $X29 & "*", $N$4:$N$49, "*" & Y$21 & "*") -> 3 | Z29: =COUNTIFS($N$4:$N$49, "*" &$X29 & "*", $O$4:$O$49, "*" & Z$21 & "*")+COUNTIFS($O$4:$O$49, "*" & $X29 & "*", $N$4:$N$49, "*" & Z$21 & "*") -> 1 | AA29: =COUNTIFS($N$4:$N$49, "*" &$X29 & "*", $O$4:$O$49, "*" & AA$21 & "*")+COUNTIFS($O$4:$O$49, "*" & $X29 & "*", $N$4:$N$49, "*" & AA$21 & "*") -> 1 | AB29: =COUNTIFS($N$4:$N$49, "*" &$X29 & "*", $O$4:$O$49, "*" & AB$21 & "*")+COUNTIFS($O$4:$O$49, "*" & $X29 & "*", $N$4:$N$49, "*" & AB$21 & "*") -> 1 | AC29: =COUNTIFS($N$4:$N$49, "*" &$X29 & "*", $O$4:$O$49, "*" & AC$21 & "*")+COUNTIFS($O$4:$O$49, "*" & $X29 & "*", $N$4:$N$49, "*" & AC$21 & "*") -> 1 | AD29: =COUNTIFS($N$4:$N$49, "*" &$X29 & "*", $O$4:$O$49, "*" & AD$21 & "*")+COUNTIFS($O$4:$O$49, "*" & $X29 & "*", $N$4:$N$49, "*" & AD$21 & "*") -> 1 | AE29: =COUNTIFS($N$4:$N$49, "*" &$X29 & "*", $O$4:$O$49, "*" & AE$21 & "*")+COUNTIFS($O$4:$O$49, "*" & $X29 & "*", $N$4:$N$49, "*" & AE$21 & "*") -> 2 | AF29: =COUNTIFS($N$4:$N$49, "*" &$X29 & "*", $O$4:$O$49, "*" & AF$21 & "*")+COUNTIFS($O$4:$O$49, "*" & $X29 & "*", $N$4:$N$49, "*" & AF$21 & "*") -> 0 | ... AJ29: =COUNTIFS($N$4:$N$49, "*" &$X29 & "*", $O$4:$O$49, "*" & AJ$21 & "*")+COUNTIFS($O$4:$O$49, "*" & $X29 & "*", $N$4:$N$49, "*" & AJ$21 & "*") -> 3
L30: g20 | N30: brian michael | O30: steve kevin | X30: sean | Y30: =COUNTIFS($N$4:$N$49, "*" &$X30 & "*", $O$4:$O$49, "*" & Y$21 & "*")+COUNTIFS($O$4:$O$49, "*" & $X30 & "*", $N$4:$N$49, "*" & Y$21 & "*") -> 1 | Z30: =COUNTIFS($N$4:$N$49, "*" &$X30 & "*", $O$4:$O$49, "*" & Z$21 & "*")+COUNTIFS($O$4:$O$49, "*" & $X30 & "*", $N$4:$N$49, "*" & Z$21 & "*") -> 2 | AA30: =COUNTIFS($N$4:$N$49, "*" &$X30 & "*", $O$4:$O$49, "*" & AA$21 & "*")+COUNTIFS($O$4:$O$49, "*" & $X30 & "*", $N$4:$N$49, "*" & AA$21 & "*") -> 1 | AB30: =COUNTIFS($N$4:$N$49, "*" &$X30 & "*", $O$4:$O$49, "*" & AB$21 & "*")+COUNTIFS($O$4:$O$49, "*" & $X30 & "*", $N$4:$N$49, "*" & AB$21 & "*") -> 3 | AC30: =COUNTIFS($N$4:$N$49, "*" &$X30 & "*", $O$4:$O$49, "*" & AC$21 & "*")+COUNTIFS($O$4:$O$49, "*" & $X30 & "*", $N$4:$N$49, "*" & AC$21 & "*") -> 2 | AD30: =COUNTIFS($N$4:$N$49, "*" &$X30 & "*", $O$4:$O$49, "*" & AD$21 & "*")+COUNTIFS($O$4:$O$49, "*" & $X30 & "*", $N$4:$N$49, "*" & AD$21 & "*") -> 2 | AE30: =COUNTIFS($N$4:$N$49, "*" &$X30 & "*", $O$4:$O$49, "*" & AE$21 & "*")+COUNTIFS($O$4:$O$49, "*" & $X30 & "*", $N$4:$N$49, "*" & AE$21 & "*") -> 3 | AF30: =COUNTIFS($N$4:$N$49, "*" &$X30 & "*", $O$4:$O$49, "*" & AF$21 & "*")+COUNTIFS($O$4:$O$49, "*" & $X30 & "*", $N$4:$N$49, "*" & AF$21 & "*") -> 3 | ... AJ30: =COUNTIFS($N$4:$N$49, "*" &$X30 & "*", $O$4:$O$49, "*" & AJ$21 & "*")+COUNTIFS($O$4:$O$49, "*" & $X30 & "*", $N$4:$N$49, "*" & AJ$21 & "*") -> 3
L31: g21 | N31: zach eric | O31: tim emanuel | X31: steve | Y31: =COUNTIFS($N$4:$N$49, "*" &$X31 & "*", $O$4:$O$49, "*" & Y$21 & "*")+COUNTIFS($O$4:$O$49, "*" & $X31 & "*", $N$4:$N$49, "*" & Y$21 & "*") -> 2 | Z31: =COUNTIFS($N$4:$N$49, "*" &$X31 & "*", $O$4:$O$49, "*" & Z$21 & "*")+COUNTIFS($O$4:$O$49, "*" & $X31 & "*", $N$4:$N$49, "*" & Z$21 & "*") -> 2 | AA31: =COUNTIFS($N$4:$N$49, "*" &$X31 & "*", $O$4:$O$49, "*" & AA$21 & "*")+COUNTIFS($O$4:$O$49, "*" & $X31 & "*", $N$4:$N$49, "*" & AA$21 & "*") -> 2 | AB31: =COUNTIFS($N$4:$N$49, "*" &$X31 & "*", $O$4:$O$49, "*" & AB$21 & "*")+COUNTIFS($O$4:$O$49, "*" & $X31 & "*", $N$4:$N$49, "*" & AB$21 & "*") -> 3 | AC31: =COUNTIFS($N$4:$N$49, "*" &$X31 & "*", $O$4:$O$49, "*" & AC$21 & "*")+COUNTIFS($O$4:$O$49, "*" & $X31 & "*", $N$4:$N$49, "*" & AC$21 & "*") -> 2 | AD31: =COUNTIFS($N$4:$N$49, "*" &$X31 & "*", $O$4:$O$49, "*" & AD$21 & "*")+COUNTIFS($O$4:$O$49, "*" & $X31 & "*", $N$4:$N$49, "*" & AD$21 & "*") -> 2 | AE31: =COUNTIFS($N$4:$N$49, "*" &$X31 & "*", $O$4:$O$49, "*" & AE$21 & "*")+COUNTIFS($O$4:$O$49, "*" & $X31 & "*", $N$4:$N$49, "*" & AE$21 & "*") -> 2 | AF31: =COUNTIFS($N$4:$N$49, "*" &$X31 & "*", $O$4:$O$49, "*" & AF$21 & "*")+COUNTIFS($O$4:$O$49, "*" & $X31 & "*", $N$4:$N$49, "*" & AF$21 & "*") -> 3 | ... AJ31: =COUNTIFS($N$4:$N$49, "*" &$X31 & "*", $O$4:$O$49, "*" & AJ$21 & "*")+COUNTIFS($O$4:$O$49, "*" & $X31 & "*", $N$4:$N$49, "*" & AJ$21 & "*") -> 2
L32: w8 | P32: =IFERROR(__xludf.DUMMYFUNCTION("SUMPRODUCT(1/COUNTIF(TRANSPOSE(SPLIT(TEXTJOIN("" "",TRUE,N33:O35),"" "")),TRANSPOSE(SPLIT(TEXTJOIN("" "",TRUE,N33:O35),"" ""))))"),12.0) -> 12 | X32: tim | Y32: =COUNTIFS($N$4:$N$49, "*" &$X32 & "*", $O$4:$O$49, "*" & Y$21 & "*")+COUNTIFS($O$4:$O$49, "*" & $X32 & "*", $N$4:$N$49, "*" & Y$21 & "*") -> 1 | Z32: =COUNTIFS($N$4:$N$49, "*" &$X32 & "*", $O$4:$O$49, "*" & Z$21 & "*")+COUNTIFS($O$4:$O$49, "*" & $X32 & "*", $N$4:$N$49, "*" & Z$21 & "*") -> 3 | AA32: =COUNTIFS($N$4:$N$49, "*" &$X32 & "*", $O$4:$O$49, "*" & AA$21 & "*")+COUNTIFS($O$4:$O$49, "*" & $X32 & "*", $N$4:$N$49, "*" & AA$21 & "*") -> 1 | AB32: =COUNTIFS($N$4:$N$49, "*" &$X32 & "*", $O$4:$O$49, "*" & AB$21 & "*")+COUNTIFS($O$4:$O$49, "*" & $X32 & "*", $N$4:$N$49, "*" & AB$21 & "*") -> 2 | AC32: =COUNTIFS($N$4:$N$49, "*" &$X32 & "*", $O$4:$O$49, "*" & AC$21 & "*")+COUNTIFS($O$4:$O$49, "*" & $X32 & "*", $N$4:$N$49, "*" & AC$21 & "*") -> 3 | AD32: =COUNTIFS($N$4:$N$49, "*" &$X32 & "*", $O$4:$O$49, "*" & AD$21 & "*")+COUNTIFS($O$4:$O$49, "*" & $X32 & "*", $N$4:$N$49, "*" & AD$21 & "*") -> 2 | AE32: =COUNTIFS($N$4:$N$49, "*" &$X32 & "*", $O$4:$O$49, "*" & AE$21 & "*")+COUNTIFS($O$4:$O$49, "*" & $X32 & "*", $N$4:$N$49, "*" & AE$21 & "*") -> 3 | AF32: =COUNTIFS($N$4:$N$49, "*" &$X32 & "*", $O$4:$O$49, "*" & AF$21 & "*")+COUNTIFS($O$4:$O$49, "*" & $X32 & "*", $N$4:$N$49, "*" & AF$21 & "*") -> 3 | ... AJ32: =COUNTIFS($N$4:$N$49, "*" &$X32 & "*", $O$4:$O$49, "*" & AJ$21 & "*")+COUNTIFS($O$4:$O$49, "*" & $X32 & "*", $N$4:$N$49, "*" & AJ$21 & "*") -> 2
L33: g22 | N33: eric steve | O33: zach adam | X33: zach | Y33: =COUNTIFS($N$4:$N$49, "*" &$X33 & "*", $O$4:$O$49, "*" & Y$21 & "*")+COUNTIFS($O$4:$O$49, "*" & $X33 & "*", $N$4:$N$49, "*" & Y$21 & "*") -> 2 | Z33: =COUNTIFS($N$4:$N$49, "*" &$X33 & "*", $O$4:$O$49, "*" & Z$21 & "*")+COUNTIFS($O$4:$O$49, "*" & $X33 & "*", $N$4:$N$49, "*" & Z$21 & "*") -> 2 | AA33: =COUNTIFS($N$4:$N$49, "*" &$X33 & "*", $O$4:$O$49, "*" & AA$21 & "*")+COUNTIFS($O$4:$O$49, "*" & $X33 & "*", $N$4:$N$49, "*" & AA$21 & "*") -> 1 | AB33: =COUNTIFS($N$4:$N$49, "*" &$X33 & "*", $O$4:$O$49, "*" & AB$21 & "*")+COUNTIFS($O$4:$O$49, "*" & $X33 & "*", $N$4:$N$49, "*" & AB$21 & "*") -> 1 | AC33: =COUNTIFS($N$4:$N$49, "*" &$X33 & "*", $O$4:$O$49, "*" & AC$21 & "*")+COUNTIFS($O$4:$O$49, "*" & $X33 & "*", $N$4:$N$49, "*" & AC$21 & "*") -> 2 | AD33: =COUNTIFS($N$4:$N$49, "*" &$X33 & "*", $O$4:$O$49, "*" & AD$21 & "*")+COUNTIFS($O$4:$O$49, "*" & $X33 & "*", $N$4:$N$49, "*" & AD$21 & "*") -> 3 | AE33: =COUNTIFS($N$4:$N$49, "*" &$X33 & "*", $O$4:$O$49, "*" & AE$21 & "*")+COUNTIFS($O$4:$O$49, "*" & $X33 & "*", $N$4:$N$49, "*" & AE$21 & "*") -> 1 | AF33: =COUNTIFS($N$4:$N$49, "*" &$X33 & "*", $O$4:$O$49, "*" & AF$21 & "*")+COUNTIFS($O$4:$O$49, "*" & $X33 & "*", $N$4:$N$49, "*" & AF$21 & "*") -> 3 | ... AJ33: =COUNTIFS($N$4:$N$49, "*" &$X33 & "*", $O$4:$O$49, "*" & AJ$21 & "*")+COUNTIFS($O$4:$O$49, "*" & $X33 & "*", $N$4:$N$49, "*" & AJ$21 & "*") -> 0
L34: g23 | N34: brian emanuel | O34: dan andrew
L35: g24 | N35: michael kevin | O35: sean tim
L36: w9 | P36: =IFERROR(__xludf.DUMMYFUNCTION("SUMPRODUCT(1/COUNTIF(TRANSPOSE(SPLIT(TEXTJOIN("" "",TRUE,N37:O39),"" "")),TRANSPOSE(SPLIT(TEXTJOIN("" "",TRUE,N37:O39),"" ""))))"),12.0) -> 12
L37: g25 | N37: sean dan | O37: michael eric
L38: g26 | N38: zach andrew | O38: adam steve
L39: g27 | N39: brian tim | O39: emanuel kevin
L40: w10 | P40: =IFERROR(__xludf.DUMMYFUNCTION("SUMPRODUCT(1/COUNTIF(TRANSPOSE(SPLIT(TEXTJOIN("" "",TRUE,N41:O43),"" "")),TRANSPOSE(SPLIT(TEXTJOIN("" "",TRUE,N41:O43),"" ""))))"),12.0) -> 12
L41: g28 | N41: sean brian | O41: andrew steve
L42: g29 | N42: zach dan | O42: tim kevin
L43: g30 | N43: emanuel eric | O43: adam michael
L44: w11 | P44: =IFERROR(__xludf.DUMMYFUNCTION("SUMPRODUCT(1/COUNTIF(TRANSPOSE(SPLIT(TEXTJOIN("" "",TRUE,N45:O47),"" "")),TRANSPOSE(SPLIT(TEXTJOIN("" "",TRUE,N45:O47),"" ""))))"),12.0) -> 12
L45: g31 | N45: dan steve | O45: tim eric
L46: g32 | N46: brian kevin | O46: emanuel adam
L47: g33 | N47: sean zach | O47: andrew michael
AL87: adam | AM87: andrew | AN87: brian | AO87: dan | AP87: emanuel | AQ87: eric | AR87: kevin | AS87: michael | AT87: sean | AU87: steve | AV87: tim | AW87: zach | AX87: TOTAL GAMES
